P40360	P39996	0
P53250	P47061	0
P53863	P49334	0
Q06708	P50105	0
P25655	P07276	0
P39108	P38784	0
P53893	P43682	0
P35191	P25298	0
P41544	P17065	0
Q08438	Q02795	0
P53010	P06786	0
Q12349	P38328	0
Q04062	P14922	0
Q03280	P17255	0
Q04338	P53125	0
P32641	P32628	0
P43594	P32913	0
P42941	P38077	0
Q08972	Q02721	0
P40350	P38429	0
Q06200	P02309	0
P23059	P08678	0
P38911	P31539	0
P48837	P38351	0
P43555	P38810	0
Q12434	Q01217	0
P38720	P10961	0
P39551	P32389	0
Q03792	P21827	0
Q12071	Q08096	0
Q03691	P53032	0
Q04636	P27515	0
P81450	P21192	0
P38999	P32486	0
Q03976	P14682	0
P40988	P19659	0
Q99394	P33441	0
Q01454	P07274	0
Q01329	P38856	0
P39727	P38439	0
Q12009	P14906	0
P53290	P23776	0
Q12243	Q05998	0
P22135	P19659	0
Q12432	P46675	0
Q02336	P53313	0
P35210	P33399	0
Q07914	P53538	0
P17536	O74700	0
P53269	P33895	0
Q08204	P53599	0
Q12243	Q04067	0
P39010	P21304	0
P47042	P35187	0
Q12004	P15705	0
P36129	P33301	0
Q06005	P32499	0
Q02336	P47129	0
P53181	P52553	0
Q01590	P26755	0
P38992	P38337	0
P41912	P10363	0
Q04964	P32499	0
Q12060	P39073	0
P40422	P10862	0
P43639	P34218	0
P38904	P38337	0
P53044	P10834	0
P53616	P25558	0
P53959	P39531	0
P38153	P12954	0
Q06217	P39928	0
P36116	P32565	0
Q04195	P14922	0
Q99382	P38431	0
Q12138	P53540	0
Q99210	P00410	0
Q04437	P15442	0
Q99278	Q12285	0
P38877	P25655	0
Q08683	P53861	0
P53313	P36116	0
Q12321	Q06604	0
Q02939	P00330	0
P53181	P43603	0
P42846	P11914	0
Q05021	P49334	0
P35179	P32496	0
P53032	P08456	0
P47053	P40360	0
P38999	P38717	0
Q03735	P41817	0
P32828	P07149	0
P53845	P47132	0
P43612	P41818	0
P53959	P40457	0
P11075	P08539	0
Q08817	Q02805	0
P40094	P38352	0
Q12018	Q03860	0
Q06679	P35191	0
Q99207	P23337	0
Q12513	P43132	0
Q04660	P38240	0
Q12192	P22147	0
Q02206	P27351	0
Q08287	P15705	0
P28519	P07274	0
P39960	P38298	0
P36165	P29539	0
P40032	P39010	0
P26188	P17214	0
P42942	P28239	0
P38068	P16387	0
Q06490	P41814	0
Q03944	P32797	0
Q08245	P39702	0
Q02260	P38860	0
Q07540	Q07376	0
Q01852	P50101	0
Q04978	P53961	0
P43622	P14680	0
P80428	P22140	0
P32783	P10355	0
P30619	P11914	0
P39112	P38801	0
P46655	P40971	0
Q04673	P38794	0
P32570	P32501	0
Q03900	Q03579	0
Q03208	P46672	0
P53171	P38153	0
Q04673	P53280	0
Q03280	P43545	0
P53337	P06100	0
Q12163	Q03697	0
P33314	P25297	0
P36034	P32914	0
Q03323	P32773	0
P39996	P14742	0
P41813	P04786	0
P41543	P36161	0
Q03954	P38827	0
P40693	P32908	0
P38194	P00431	0
P89105	P46947	0
P50104	P22203	0
Q08109	P34238	0
Q01217	P32602	0
Q03406	Q02630	0
P38682	P13902	0
Q08018	Q07540	0
P47061	P40469	0
Q12482	P50113	0
P53886	P53079	0
Q08949	P26309	0
P53551	P32480	0
P47061	P21691	0
P40038	P06700	0
Q99190	P40095	0
Q7LIF1	P18480	0
P43622	P26754	0
P38932	P16151	0
Q08956	P41895	0
P47061	P36049	0
Q07509	P53207	0
Q06696	P53616	0
P37302	P13902	0
P40455	P19880	0
P49687	P36084	0
Q02721	P38859	0
P38286	P03965	0
P40574	P40060	0
Q12194	P25615	0
Q06675	P49573	0
Q05900	P46671	0
Q07732	P50875	0
Q99278	P14164	0
P47166	P42846	0
Q00539	P40971	0
Q06177	P21957	0
P30619	P00420	0
Q03900	P35817	0
P38636	P25371	0
P53267	P20676	0
Q02630	P43682	0
P40094	P26755	0
P53256	P40460	0
P47115	P39713	0
Q06549	P53171	0
P46974	P25569	0
P53290	P21951	0
Q03976	P14680	0
Q06673	Q03103	0
P53867	P38272	0
P36036	P13259	0
Q08032	Q04749	0
Q12380	P32494	0
Q12336	P47822	0
P40457	P38068	0
P17442	P04050	0
Q12071	P38859	0
Q12280	P22214	0
Q12174	P53211	0
Q12050	Q07732	0
P53271	P38286	0
P35179	P04076	0
P53145	P40020	0
Q03750	P43638	0
P40469	P32902	0
Q04002	P46669	0
Q12321	P32559	0
P40957	P25357	0
Q07084	P19358	0
P80428	P53851	0
Q05610	Q04935	0
Q08287	Q06490	0
P54790	P50945	0
P39735	P16547	0
Q12309	P38692	0
P39998	P36034	0
P41543	P40095	0
P47115	P04456	0
P42935	P36160	0
P15807	P12887	0
P53323	P39952	0
P07276	P07260	0
P47150	P33767	0
Q99278	P38863	0
Q03834	P43574	0
Q12224	Q03690	0
Q12158	Q02516	0
P53904	P32916	0
P38339	P16151	0
P38204	P21304	0
P32354	P30656	0
Q03834	P46949	0
Q07921	O14455	0
Q99383	P11978	0
P35206	P23642	0
Q02805	P52919	0
P34252	P33399	0
Q05021	P48582	0
P38744	P21306	0
P35172	P22214	0
P39723	P35191	0
Q08208	P08678	0
P53930	P38111	0
Q12452	P53061	0
P12385	P04050	0
P38838	P38138	0
P47012	P38072	0
Q03435	P23968	0
Q06407	P06701	0
Q03213	P32325	0
P33333	P32807	0
P53259	P39723	0
Q12230	P40357	0
P53243	P41805	0
Q05785	P26754	0
Q12449	P00128	0
P53550	P21951	0
P12383	P07261	0
P40204	P14908	0
Q02884	P53215	0
P47822	P07342	0
P38782	P18963	0
Q08683	P38856	0
Q03691	P30656	0
Q07688	P46669	0
P22139	P12887	0
P32830	P00330	0
Q04697	P38862	0
Q05568	P07276	0
P13382	P07866	0
P38265	P25591	0
P19882	P15367	0
Q12248	P38204	0
Q12124	Q06632	0
P33767	P27801	0
P27999	P10355	0
P39551	P25385	0
Q12035	Q08817	0
P53044	P12383	0
P39010	P38637	0
P35207	P19659	0
Q06411	P04786	0
Q06708	Q03860	0
P38130	P23968	0
P26448	P13259	0
Q04225	P38288	0
Q12151	Q07921	0
Q06406	P53750	0
P47025	P38428	0
Q12527	Q12019	0
Q04231	P53858	0
Q08004	P23179	0
P47120	P32367	0
P48524	P43594	0
P42884	P33421	0
Q06151	P53959	0
Q04958	Q03702	0
Q12018	P32333	0
Q01722	P40495	0
P40541	P28320	0
P38957	P03965	0
Q04368	Q02805	0
Q12427	P41818	0
P40014	P34160	0
P53265	P23202	0
P39713	P33759	0
P47012	P32832	0
Q02884	P43594	0
P38337	P25649	0
Q04004	P21651	0
P53551	P40314	0
P41695	P39962	0
P40151	P06100	0
P39875	P34240	0
P39685	P38042	0
Q06630	P53181	0
Q12389	Q12327	0
P50101	P38826	0
P39010	P32558	0
P53952	P28496	0
P53061	P25046	0
P47042	P34240	0
P47038	P33891	0
P47116	P08638	0
P46974	P38705	0
Q12432	P25644	0
P35184	P18900	0
P47150	P38744	0
P53272	P21242	0
Q12276	P40582	0
Q08550	P14906	0
P14682	P08678	0
Q12335	P38682	0
Q12050	P36129	0
Q04493	P80428	0
P30619	P00854	0
Q7LIF1	P40457	0
P80428	P32521	0
P32601	P08456	0
Q04217	P32341	0
Q12019	P32599	0
Q03900	P53954	0
P47171	P38249	0
Q04225	P32481	0
Q02608	P14359	0
P54867	P39705	0
Q03784	P38523	0
P15891	P00410	0
P38860	P15873	0
P40971	P35688	0
P38264	P29539	0
Q07986	P39008	0
Q12174	Q04004	0
Q05022	P04386	0
Q00539	P81450	0
P49018	P47176	0
P53243	P39967	0
P47822	P32559	0
Q04847	P36147	0
Q07896	P40992	0
Q12482	P32325	0
P41816	P39001	0
Q08550	P21339	0
P19736	P06103	0
P21691	P16661	0
P38254	P16151	0
Q05610	P46674	0
P38249	P26798	0
P53337	P32502	0
P39704	P38270	0
P39875	P27705	0
P38726	P28000	0
Q03071	P06778	0
P40010	P22135	0
P40513	P40495	0
P53824	P38794	0
P38700	P26754	0
P40960	P40094	0
Q02775	P32486	0
Q12692	Q06405	0
Q12692	P22147	0
P39713	P22135	0
Q07084	P38744	0
P38861	P23776	0
Q12482	P40335	0
P38837	P28274	0
Q05911	Q02948	0
P32900	P14922	0
P39904	P34227	0
P26755	P06844	0
P32528	P26798	0
Q08215	Q06525	0
Q12300	P51601	0
P23642	P07276	0
Q12424	P39001	0
Q12433	P20457	0
P53209	P01120	0
P57744	P31412	0
Q12390	P15367	0
P19736	P16658	0
Q99190	P32480	0
Q06169	P04050	0
P39534	P38764	0
Q07887	P12294	0
P53893	P39011	0
Q07350	O13565	0
P36013	P32788	0
P53538	P35727	0
P40151	P01120	0
Q06405	P53196	0
P53865	P32805	0
Q06631	P53847	0
Q12301	Q02775	0
Q08550	Q06344	0
P31378	P16661	0
P32897	O14467	0
Q04004	P39112	0
P33332	P19736	0
P32599	P23776	0
P47110	P35210	0
Q99394	Q03691	0
Q12055	P06774	0
P32570	P07251	0
Q12365	P14242	0
P53248	P32828	0
P35210	P32832	0
Q06096	O13297	0
Q12361	P40032	0
P53886	P53061	0
P40091	P19736	0
P38903	P19659	0
Q02908	P54837	0
Q12522	P39524	0
P47171	P43638	0
P35691	P32902	0
Q08109	P40060	0
Q04636	P09959	0
Q06639	P38801	0
P00924	O13297	0
P38996	P22140	0
P50104	P00044	0
Q08683	P23059	0
P25441	P22224	0
Q12361	Q07084	0
Q07528	P38351	0
Q03761	P23968	0
P21242	P10961	0
P87284	P22336	0
Q92317	Q04110	0
Q08966	P36027	0
P40992	P36068	0
P38749	P36147	0
Q02206	P32634	0
Q02939	P38910	0
P53604	P26188	0
P43587	P38911	0
P40957	P38301	0
P53857	P09938	0
P80428	P46675	0
Q03774	P53878	0
P48581	P25359	0
Q02260	P26754	0
Q12006	P33204	0
P39108	P14908	0
P51601	P38351	0
Q92316	Q02908	0
Q12174	Q06411	0
Q06551	P14906	0
Q12336	P32558	0
Q08601	P11747	0
P39960	P21190	0
P36421	P32618	0
P40857	P28274	0
Q08749	P40693	0
P47134	P38817	0
Q03768	P07272	0
Q01852	P54786	0
P32916	P04076	0
P53740	P40314	0
Q04089	P32559	0
P32855	P15367	0
P32494	P13186	0
Q12309	Q02892	0
Q02794	P36172	0
P32583	P07278	0
Q12159	Q03691	0
P53259	P53168	0
P57744	P34252	0
P53215	P38753	0
Q01684	P38789	0
P33767	P20052	0
P25360	P20436	0
P07272	P02293	0
Q03920	P46678	0
Q04226	P35180	0
P14291	P07283	0
P42944	P32767	0
P54791	P38863	0
Q03263	P50277	0
Q04110	P42846	0
P41912	P12904	0
P46956	P40054	0
Q02776	P38682	0
P47822	P17629	0
Q03690	P22139	0
Q00873	P27705	0
P36084	P32564	0
P53271	P26755	0
Q04978	P13099	0
Q02932	Q02794	0
Q03337	P39734	0
P38111	P14126	0
P47038	P40555	0
P40340	P38191	0
P42945	P32333	0
Q12243	P28707	0
P29539	P26448	0
Q06208	P38959	0
Q08204	Q05031	0
Q12368	P00420	0
Q03935	P53971	0
Q12102	P46985	0
Q12098	P34227	0
Q06440	P14291	0
Q02776	P43638	0
Q03103	P38789	0
Q00362	P41546	0
P53261	P33122	0
P25604	P25046	0
Q04693	P43545	0
P46964	P38817	0
Q12468	P04050	0
P40202	P38265	0
P54861	P34227	0
P35179	P06773	0
Q04264	P16661	0
Q12107	P20434	0
Q12418	Q08923	0
P32319	P17442	0
Q99257	Q08683	0
Q04958	Q03018	0
P38781	P04076	0
Q12098	P53070	0
Q12018	P21339	0
P38744	P30822	0
P40395	P39992	0
P53855	P07250	0
P36121	P35193	0
P38911	O13565	0
P53851	P33323	0
P53061	P18494	0
P38957	P23255	0
P38962	P25584	0
P53851	P40325	0
Q12020	P81449	0
Q12473	P43596	0
Q04749	P32797	0
Q12335	Q04003	0
Q12158	P53168	0
Q03373	P32504	0
P48412	P40434	0
P39524	P38344	0
Q06091	P38817	0
P47083	P32807	0
P38254	P32486	0
P40513	P25584	0
P49687	P15367	0
P38249	P35177	0
Q07350	P15891	0
Q06815	P21827	0
P40471	P22140	0
P53919	P32797	0
Q12432	P27705	0
P40164	P39955	0
Q01454	P23644	0
P47053	P40340	0
P48813	P43603	0
P40164	P25580	0
P32578	P00420	0
P53181	P38251	0
Q04930	P32805	0
P53740	P53551	0
P43560	P34240	0
Q08245	P35206	0
P38523	P16661	0
P43621	P40010	0
P49955	P36125	0
Q12030	Q04233	0
P53281	P22140	0
Q06665	Q01852	0
P47049	P22214	0
P34217	P20434	0
Q08966	P39720	0
P25615	P25558	1
P39743	P00899	1
Q08491	P36068	1
Q06436	P49687	1
P53968	P11746	1
P40465	P38999	1
Q03981	P43638	1
Q05778	P25604	1
P38200	P10869	1
P53081	P03965	1
P38856	P03965	1
P40541	P38217	1
P53604	P18410	1
Q03018	P50942	1
Q04031	P46963	1
P52919	P19658	1
Q04377	Q04373	1
P53061	P39550	1
P48363	P36421	1
P38261	P36015	1
Q06440	P33329	1
Q99394	P34160	1
Q12277	P53865	1
P53212	P27999	1
P53965	P34217	1
Q02875	P40092	1
P33306	P32900	1
Q07376	Q04370	1
Q12020	P41805	1
P41814	P32591	1
P07264	P06100	1
Q07732	P07260	1
Q03096	P39523	1
P40495	P38792	1
Q03735	P19882	1
P42951	P25582	1
Q02100	P28707	1
P49435	P21182	1
Q06436	P36012	1
Q05568	Q02100	1
Q05568	P07283	1
P11745	P07170	1
Q12449	P47068	1
P36022	P21268	1
P39520	P26754	1
Q12102	P53750	1
P36022	P32900	1
Q12377	P22137	1
Q06263	P53067	1
P43603	P29509	1
Q06819	Q04934	1
P53261	P38810	1
Q12347	P38998	1
P12962	P08431	1
Q12389	P53599	1
P40462	P16658	1
P53904	P38247	1
Q00416	P31412	1
Q08956	Q02260	1
Q08965	P48582	1
P40465	P09798	1
P40956	P04076	1
P53163	P07170	1
P35817	P25502	1
P38871	P23724	1
Q07834	Q07468	1
P54861	P38872	1
Q06648	P32480	1
P47093	P37370	1
P36149	P21801	1
P53924	P34164	1
P53910	P46681	1
P38208	P00950	1
Q02205	P51534	1
Q05949	P47113	1
P53082	P33399	1
P40095	P32599	1
Q06412	P15303	1
P39563	P38182	1
P47012	P40457	1
Q6Q547	P49573	1
Q99210	P38855	1
Q06604	P24482	1
P45819	P36145	1
Q08931	P40462	1
Q05670	P46963	1
P47167	P21951	1
Q12513	P25646	1
Q08723	P32634	1
P39704	P38962	1
Q12129	P40164	1
Q06604	P32464	1
Q12297	P37838	1
Q03768	P47165	1
Q12318	P53032	1
P50101	P30656	1
P33306	P32074	1
Q12477	Q12248	1
Q12154	P25296	1
Q03774	P38716	1
P33203	P13517	1
Q04264	P53064	1
P33334	P25293	1
P47113	P35207	1
Q05947	P47117	1
P29539	P06838	1
Q12265	P32774	1
P40507	P39073	1
Q6Q547	Q06604	1
P41814	P38328	1
P53290	P28795	1
Q05080	P39929	1
Q05785	P34758	1
P38957	P07213	1
P53277	P35190	1
P36015	P32861	1
P43612	P41813	1
Q12522	P33331	1
Q99210	Q03322	1
Q07921	P08518	1
Q12009	Q08235	1
Q08886	Q04562	1
Q07528	P32767	1
P47017	P33400	1
P38910	P32387	1
Q12163	Q03735	1
P53861	P40484	1
P53145	P30902	1
P36080	P32505	1
P47093	P32855	1
Q02890	P35056	1
Q04149	P47160	1
Q04067	P43603	1
Q08562	P40422	1
P53196	P32599	1
Q03096	P40453	1
P39743	P39705	1
Q08236	P46957	1
Q08817	P17442	1
Q12019	P28000	1
P23059	P06100	1
Q07508	P32495	1
Q08492	P09798	1
Q06340	P14359	1
P33329	P07270	1
P25357	P12383	1
P38283	P17555	1
P52286	P10869	1
Q12276	P38229	1
P34238	P32354	1
P40202	P38217	1
Q02205	P28791	1
Q07930	P32898	1
Q12449	P00812	1
P38111	O74700	1
Q08444	Q04048	1
P36139	P32527	1
Q12301	P40314	1
Q07508	P38590	1
P33307	P32573	1
Q08962	P40693	1
Q12344	Q12055	1
Q04199	P22133	1
P36121	P35177	1
Q07508	P38806	1
P54861	P46682	1
P38324	P34730	1
Q08492	Q06102	1
P47166	P35201	1
P38193	P32610	1
P32502	O13539	1
Q05881	P40991	1
Q12044	P47116	1
P47019	P32523	1
P38751	P06778	1
Q04087	Q02554	1
Q02555	P32389	1
P38903	P27796	1
P40055	P32525	1
P40471	P32481	1
P36107	P32501	1
P32582	P32495	1
Q12241	P00175	1
P53743	P09798	1
Q08746	P33411	1
P47064	P40991	1
P40959	P25369	1
P39531	P00358	1
Q12206	P23202	1
Q04062	Q03792	1
Q06137	Q02948	1
P02829	P00958	1
P40956	P38788	1
Q04562	P34160	1
P53845	P07270	1
P38794	P11927	1
P18494	P11709	1
P53552	P32349	1
Q04149	P32349	1
P35688	P33331	1
P27895	P25575	1
Q03690	P32783	1
P43638	P38862	1
P32447	P23644	1
P38200	P30902	1
P47068	P31374	1
Q12513	Q04930	1
P46678	P20134	1
Q04839	P38798	1
Q04964	P17891	1
P40991	P33329	1
P11709	P07262	1
P38324	P32900	1
Q05881	P53081	1
P15303	P08964	1
Q12368	P42935	1
Q12028	P38313	1
P46962	P40078	1
P39534	P36036	1
P53959	P32832	1
P47103	P22224	1
Q06151	P40055	1
P40991	P32504	1
Q12277	P34077	1
P39960	P30902	1
P24583	P07149	1
Q06679	P46949	1
Q06640	Q03088	1
Q05080	P00549	1
Q92331	P53865	1
P40477	P40003	1
Q12527	P38042	1
Q02804	P40554	1
Q12186	P47017	1
P32447	P30624	1
P53184	P32495	1
Q12734	P53280	1
P53082	P24583	1
P32864	P07834	1
Q02793	P47029	1
P46963	P46675	1
Q07834	P33199	1
Q04264	P53256	1
Q06177	P22224	1
P33419	P22219	1
P42846	P30657	1
P42073	P39013	1
P38261	P32776	1
Q00416	P35688	1
Q00955	P38631	1
P21538	P14064	1
Q00684	P28006	1
P39927	P32855	1
Q12280	P53316	1
P48524	P35729	1
P53196	P27705	1
Q12186	Q05785	1
Q04272	P40079	1
Q03071	P38293	1
P47122	P40563	1
P43593	P39707	1
P53011	P27895	1
P38829	P38786	1
P38276	P36094	1
Q08963	Q06407	1
Q03956	P54885	1
Q12754	Q04368	1
Q04031	P40518	1
Q08581	P06738	1
P12962	P04076	1
P47150	P38705	1
Q12020	Q05022	1
Q12464	Q04477	1
P40013	P38339	1
Q01590	P53159	1
P43583	P33411	1
Q12434	P14680	1
Q99394	Q07887	1
P46963	P38310	1
Q05636	P39967	1
Q02574	P38838	1
Q04338	P27637	1
P53207	P40555	1
Q02892	P25584	1
P48412	P47050	1
P40344	P38257	1
Q04121	P13365	1
Q12055	P50094	1
Q06164	P43619	1
P53243	P40422	1
P38769	P07260	1
Q12256	P48836	1
P38873	P32913	1
Q12433	P21182	1
Q04272	P40956	1
P53067	P36013	1
Q04002	Q03012	1
P32634	O14455	1
P54999	P50101	1
P46669	P26188	1
P12754	P05085	1
Q12045	P53738	1
P34161	O13297	1
P42942	P27999	1
P32573	P27895	1
Q04978	P53248	1
Q08550	P32895	1
P42945	P32800	1
P53731	P38291	1
Q07381	P32263	1
P28795	P06844	1
Q12495	P39735	1
P46985	P32599	1
P49955	P24814	1
P38753	P36008	1
P41816	P39563	1
P32450	P12611	1
P38903	P22007	1
Q12134	P00812	1
P41834	P12962	1
P35729	P32610	1
P54999	P06103	1
P36100	P34162	1
P53914	P26798	1
Q12248	Q02890	1
Q08215	P38862	1
Q02336	P46954	1
Q00578	P35184	1
Q12477	P36068	1
Q01389	P38193	1
P53259	P46681	1
P38283	P23301	1
Q07376	Q06651	1
Q99210	Q08729	1
P38288	P23776	1
P32605	P13711	1
Q01590	P25569	1
P33331	P15442	1
P53112	P06101	1
P38346	P15646	1
P53116	P40014	1
Q04693	P34253	1
P38932	P35172	1
Q03254	P52553	1
P40013	P00729	1
Q12045	P32524	1
Q08951	P41807	1
P38766	P32481	1
P21705	P06777	1
Q06436	P38692	1
Q03898	P38990	1
Q04935	P49334	1
Q12026	P07703	1
Q06551	P33322	1
P40484	P11433	1
P40541	P39935	1
Q03619	P32800	1
Q12017	P42846	1
P32911	P17536	1
Q12163	P38903	1
Q04195	P53313	1
P47045	P25615	1
Q04868	P39904	1
Q06163	P38301	1
Q04062	P53290	1
Q08581	P05318	1
P38708	P05085	1
P40483	P32074	1
Q06506	P40350	1
P53254	P40087	1
Q02630	P22133	1
P40014	P36053	1
P35056	P21182	1
P38814	P28817	1
P38726	P34240	1
P53256	P14126	1
Q03323	P40151	1
P40316	P02293	1
Q08979	Q02884	1
P38873	P27705	1
P34216	P11075	1
P54786	P39744	1
Q12256	P14736	1
Q04368	P35193	1
Q00723	P33329	1
Q12329	P32634	1
P53032	P31539	1
P53286	P33755	1
P38129	P32917	1
Q03322	P38333	1
Q08956	P41911	1
Q08817	P15303	1
P40092	P25582	1
Q06178	P53867	1
P25567	P15807	1
Q08931	P37303	1
P53927	P43603	1
Q02892	P53199	1
Q12236	P36094	1
P47134	P38871	1
Q04675	Q03792	1
Q00816	P38276	1
P38959	P36029	1
P54861	P11745	1
Q08496	P24869	1
Q03973	P80667	1
P33418	P32521	1
P40573	P38077	1
P53847	P34253	1
Q06604	P30619	1
Q08144	Q00955	1
P52918	P28006	1
P54860	P33307	1
P40202	P32796	1
P40469	P27515	1
Q92317	Q04004	1
P53159	P15442	1
Q12377	P29703	1
Q08729	P25357	1
Q12020	P15873	1
Q12098	P18962	1
Q02100	P38249	1
Q00723	P40991	1
Q03768	P40048	1
Q04411	P27801	1
Q12186	P38261	1
P41832	P38339	1
P53971	P30624	1
P36080	P23301	1
Q08962	P02293	1
P53883	P25591	1
Q12045	P32913	1
P34234	P31539	1
P34223	P21672	1
Q12488	P43132	1
Q03774	P36131	1
Q04868	P38801	1
Q06819	Q04675	1
P38786	P11927	1
Q07887	Q06549	1
Q04847	P40971	1
Q03322	P38273	1
P38793	P32898	1
Q03792	P18410	1
P36084	P22139	1
Q02100	P31377	1
Q07508	P23624	1
P35691	P32349	1
P40483	P40462	1
Q12361	P39704	1
Q12499	P53859	1
P40356	P38867	1
P33891	P25584	1
Q12208	P39962	1
Q12277	P38793	1
Q08920	Q03862	1
P53540	P22219	1
Q06604	P14680	1
P53010	P13186	1
P47064	P39729	1
Q03322	P00724	1
Q05670	P14742	1
P50091	P38720	1
Q04412	P32380	1
Q12347	Q04792	1
Q12280	Q00916	1
Q12220	Q07381	1
P07273	P07272	1
Q12267	Q08245	1
P36149	P32773	1
P38749	P32591	1
Q03656	P38859	1
Q04675	P32380	1
P53254	P00445	1
Q04493	Q03308	1
Q99299	P42073	1
Q06103	P02829	1
P50275	P40070	1
Q06677	P38319	1
P53185	P41807	1
Q04601	P53550	1
P38860	P36520	1
Q03774	P24482	1
P50094	P33199	1
Q03898	P40395	1
Q00362	P40468	1
P53184	P50113	1
P42845	P40005	1
P47116	P40016	1
Q05670	P18410	1
P48582	P38165	1
P42839	P32628	1
P35688	P00812	1
P46954	P19736	1
P38149	P07274	1
Q00578	P38282	1
Q04493	P38310	1
P36085	P32471	1
P38333	P17555	1
P42845	P35194	1
P47160	P38861	1
Q04005	P32500	1
Q12265	P04456	1
Q03954	P15705	1
Q12044	P13517	1
P38726	P21374	1
Q08920	P48582	1
P38871	P27796	1
Q12220	Q07930	1
P38989	P32565	1
P38798	P32605	1
Q05022	P06738	1
P47176	P38863	1
Q08685	P07272	1
P29340	P27351	1
Q08963	P46655	1
Q07508	P32917	1
Q06679	P02400	1
Q04675	P24004	1
P40483	P39998	1
Q12440	P32464	1
P35203	P32318	1
Q12527	Q08956	1
P04076	O13553	1
P32800	P31377	1
Q02805	P53735	1
Q12335	P23776	1
Q04264	P53145	1
Q12494	P39723	1
Q7LIF1	P20676	1
P36029	P17255	1
Q12028	P46682	1
P42846	P35728	1
P32480	P25357	1
Q06675	Q04225	1
P39563	P38850	1
P51862	P32501	1
P33333	P00044	1
P53032	P41800	1
Q92317	Q06324	1
Q06102	P53297	1
Q08004	P38334	1
P36012	P20437	1
Q04368	P53271	1
P39723	P34077	1
Q06251	P43574	1
P07258	P07149	1
P32481	P25385	1
Q7LIF1	P46678	1
Q06706	P38283	1
Q12306	P38998	1
Q12522	P38850	1
P38348	P07260	1
P53145	P40055	1
Q12267	P38889	1
Q07657	P33334	1
P51601	P33203	1
P22007	P06103	1
P53313	P38261	1
Q12250	Q08235	1
Q08229	P32505	1
P53267	P53040	1
P50091	P38883	1
P53068	P36139	1
P39715	P28707	1
P34216	P06843	1
Q12517	P42846	1
P14306	P07260	1
Q99394	P53743	1
P36131	P32366	1
Q08215	Q00578	1
Q12329	P33331	1
P40155	P36131	1
P35734	P32578	1
Q12028	P35729	1
P46985	P20433	1
Q08921	P02400	1
P53196	P47045	1
P47029	P40959	1
Q06815	Q03455	1
Q04562	P25385	1
Q12250	Q02256	1
P47083	P40477	1
Q12078	P34160	1
P43587	P28791	1
P39073	P33895	1
Q99210	Q03654	1
P42843	P39523	1
Q08215	P32566	1
Q12315	P32450	1
P38886	P38149	1
Q06217	P53091	1
P40151	P36053	1
P39926	P32450	1
P36013	P22133	1
P38805	P07260	1
P40471	P38903	1
P36160	P29056	1
P32564	P06844	0
Q06103	Q01329	0
P38064	P17123	0
P53039	P30619	0
P46678	P39563	0
P41817	P29703	0
P47821	P38883	0
Q07921	Q04493	0
P49573	P32828	0
Q02574	P17065	0
Q06091	Q02256	0
P38805	P25441	0
P53337	P45819	0
P10869	P10834	0
P38286	P31412	0
P38181	P02829	0
Q12477	Q07540	0
P40957	P28495	0
Q08972	P21827	0
Q08817	P13433	0
Q02732	P36103	0
Q02908	P53823	0
P28707	P23255	0
P38779	P07272	0
Q12306	Q02206	0
Q06440	P08518	0
Q06224	P43638	0
Q06091	Q03213	0
Q06344	P40507	0
Q02732	P32642	0
P53313	P14908	0
P53039	P06786	0
Q04477	P21339	0
P47025	P40693	0
Q04461	P32610	0
P38751	P30619	0
P38837	P32494	0
Q03976	P32829	0
P37370	P12683	0
Q12277	P53108	0
P21827	P11927	0
Q08749	P32349	0
P38904	P34162	0
Q03254	P00420	0
P13433	P07258	0
Q06665	P33441	0
P46655	P36160	0
Q12059	P40554	0
P43682	P37366	0
Q03774	P53952	0
Q12158	P53863	0
Q06169	P89105	0
P53893	P38995	0
Q07921	P35203	0
P35723	P32264	0
Q99176	P28519	0
Q03338	P38910	0
Q06137	P36100	0
Q03920	P42946	0
P53253	P38907	0
Q99382	Q00582	0
Q00578	P00410	0
Q03263	P46673	0
P33332	P11978	0
P53211	P20486	0
Q99278	P08456	0
P41695	P38744	0
Q07458	P00560	0
P48568	P37838	0
Q03308	P39996	0
P40160	P07703	0
P51862	P48813	0
P38346	P38072	0
P38883	P20134	0
P21538	P05317	0
Q06005	P21801	0
Q01217	P36080	0
Q02932	P25299	0
P53740	O13565	0
P46964	P38903	0
Q12161	P53883	0
Q04226	P40960	0
P38842	P34238	0
Q12149	P32913	0
Q12161	P47165	0
P46676	P14906	0
Q08387	Q06696	0
Q12102	P40473	0
Q03661	P38788	0
Q07528	Q06005	0
P39011	P36049	0
P48232	P32564	0
P53108	P39081	0
Q06178	P35210	0
Q12186	P38272	0
Q12241	P35842	0
Q12035	Q05778	0
Q01080	P32578	0
P40507	P32499	0
Q07921	P20486	0
P47029	P32387	0
Q7LIF1	P34240	0
Q04231	P53081	0
P40069	P11978	0
P34730	P26309	0
P36121	P07347	0
Q12749	P06844	0
Q08581	P06786	0
Q12692	Q00873	0
P36118	P13434	0
P43621	P34241	0
Q04562	P32944	0
Q12176	P40455	0
P43682	P42941	0
Q08949	P38130	0
Q08492	P48439	0
P47152	P40541	0
Q03337	P00854	0
P20676	P02293	0
P36121	P18963	0
P80428	P25644	0
Q03944	P31385	0
P35203	P32788	0
P53878	P46673	0
P39928	P38959	0
Q12078	P53181	0
Q03579	P39744	0
Q12365	P32558	0
P39730	P32494	0
Q06628	Q02776	0
Q12368	P39534	0
P36520	P32898	0
P53209	P40164	0
Q12006	P36123	0
P53236	P38111	0
P34162	P20433	0
P47120	P46954	0
P39996	P38257	0
P53851	P13663	0
P38257	P16522	0
P53859	P50874	0
Q02574	P00445	0
P32319	P25301	0
P53337	P25575	0
P50945	P25648	0
P47005	P29056	0
Q08032	P32899	0
Q06251	P38240	0
Q07914	P32605	0
P38827	P19097	0
Q12309	Q03920	0
Q12390	P12294	0
Q12045	P38272	0
Q08966	P40970	0
Q12389	P38288	0
P10834	P07703	0
P53633	P47116	0
P53211	P46985	0
P35206	P13393	0
Q12004	P48415	0
P46674	P36116	0
P33419	P22140	0
Q06177	P36027	0
P48836	P28519	0
P29055	P07347	0
Q02516	P35178	0
P53961	P40960	0
Q07887	P53551	0
P47176	P37838	0
Q06135	P08678	0
Q12018	P25297	0
P39720	P38705	0
Q05021	P38872	0
P53269	P18963	0
Q12168	P32453	0
Q12071	P40457	0
P53552	P07703	0
Q12494	P38204	0
P47167	P00724	0
Q06673	Q06598	0
P39011	P38637	0
Q02208	P46949	0
Q12192	P53286	0
Q07350	Q04067	0
Q12243	P12683	0
P47821	P22224	0
P53108	P48606	0
P39112	P11938	0
Q12318	Q12233	0
Q99394	P38877	0
Q12082	Q08245	0
Q12174	Q08732	0
Q99299	Q08096	0
P16861	P09119	0
P38182	P16151	0
Q00684	P32916	0
P34758	P32944	0
P47166	P38232	0
Q12059	P38273	0
P41810	P11972	0
P38992	P11746	0
P38995	P38333	0
Q02775	P38801	0
P43572	P40554	0
P17555	P13259	0
P28274	P22140	0
Q08963	P21538	0
P32610	P01149	0
Q99190	P29055	0
Q04195	P38204	0
Q04964	P38911	0
Q12149	Q08004	0
Q12361	P25567	0
Q06339	P81450	0
Q12447	P39010	0
Q03900	Q03323	0
Q03406	P39729	0
P40555	P11710	0
P33892	P13393	0
P38351	P16861	0
Q06679	P32829	0
P43592	P07276	0
Q12129	Q02721	0
P49956	P38254	0
P47117	P32787	0
Q06405	Q03750	0
P53253	P38237	0
P38149	P12887	0
P32504	P05375	0
P57744	P53865	0
P42941	P39935	0
P40693	P38826	0
P38302	P12294	0
P53272	P38904	0
P17536	P00420	0
Q99207	Q02516	0
Q02721	P32505	0
P40455	P28791	0
P50875	P32333	0
Q12124	P43572	0
P54791	P53863	0
Q06412	P20434	0
Q08096	P25296	0
P34252	P33314	0
Q03018	P32859	0
Q04493	P32259	0
P48234	P46956	0
Q12157	Q02948	0
P38204	P20486	0
P33401	P32389	0
Q04048	Q01159	0
P32499	P32495	0
P47035	P38910	0
Q03323	P53389	0
P38931	P07278	0
P22007	P07273	0
P46675	P35177	0
P05317	P04786	0
P23059	P07703	0
P22515	P09457	0
P32368	P30657	0
P47090	P12904	0
P38911	P32898	0
P53865	P10355	0
Q04226	Q03337	0
P25615	P25301	0
P53093	P40573	0
Q12138	P39998	0
P53900	P32368	0
Q07468	P38072	0
Q06677	P38859	0
P47135	P39702	0
Q02732	P38990	0
Q06200	P53924	0
P53890	P32859	0
Q99383	Q02206	0
P36103	P35817	0
P38788	P35206	0
Q08966	P39992	0
P25302	P07260	0
Q04847	P38903	0
Q12009	P53551	0
P28320	P11709	0
P40395	P39534	0
P40509	P40360	0
P49956	P12753	0
Q12734	Q01722	0
Q02939	P25344	0
Q12443	P53191	0
Q12194	P34730	0
Q12154	P53877	0
Q12059	P40988	0
Q06490	P31412	0
Q08746	P11978	0
Q02204	P40480	0
Q12527	P20436	0
Q04461	P53258	0
Q06251	Q04603	0
P34218	P22804	0
P53044	P35193	0
P36125	P27895	0
Q12321	Q03656	0
P53181	P39954	0
P25296	P21957	0
P38784	P36053	0
P38760	P25371	0
P11747	P00854	0
Q12028	Q08562	0
P32334	P06700	0
Q12165	P28239	0
Q00711	P39520	0
Q03920	P34161	0
P12868	P11710	0
Q02574	P38301	0
P38138	P12695	0
P37838	P33754	0
P19263	P07260	0
Q01722	P33411	0
P40073	P39112	0
Q01684	P36131	0
P35191	P25357	0
P46678	P38274	0
Q02100	P32641	0
Q03750	P36027	0
P00950	P00410	0
P38353	P32786	0
Q03455	P38859	0
Q06406	Q03323	0
P40958	P28007	0
Q06628	P06700	0
P21192	P13434	0
P53912	P36016	0
P53968	P36129	0
Q12527	P25651	0
P47123	P40453	0
Q03656	P39954	0
P53265	P25367	0
Q12255	P43545	0
P40480	P14242	0
Q02354	P40496	0
P46682	P13574	0
Q07986	P47120	0
P53616	P38810	0
Q06676	P19358	0
P38149	P32486	0
P32833	P32523	0
P32559	P32464	0
P34730	P25441	0
Q08278	Q03690	0
P53337	P32527	0
P53750	P17123	0
P38792	P10961	0
Q00955	O74700	0
Q02630	Q02574	0
Q06200	P38749	0
P38717	P10834	0
P48510	P42945	0
P34227	P33334	0
P43596	P00950	0
P40515	P38992	0
Q12060	P10863	0
Q08444	P53093	0
Q02336	P11075	0
P48234	P39551	0
Q06142	P38298	0
P40360	P35203	0
P38794	P36036	0
P20436	P12754	0
P40167	P28239	0
Q04675	P06777	0
P40582	P38883	0
Q05778	P14906	0
Q99394	P40075	0
P41800	P32788	0
P32334	P31377	0
P28007	P08518	0
Q12098	P48510	0
Q03834	P47038	0
P48581	P34164	0
P53633	P53163	0
Q04195	P54867	0
P32380	P16661	0
Q08562	P36131	0
Q03579	P46674	0
P25575	P22214	0
P49166	P38121	0
P36010	P33421	0
Q02196	P07213	0
Q00916	P38138	0
P53824	P08638	0
Q12082	P08431	0
P38860	P31377	0
P47083	P25579	0
Q03048	P35191	0
Q01217	P53735	0
P38276	P16522	0
Q06673	P32788	0
P41817	P38863	0
Q12098	Q04673	0
Q12157	P42073	0
P11747	P00958	0
Q04749	P04386	0
P46954	P33204	0
Q00816	P21705	0
P38860	P14737	0
Q12749	P32911	0
Q06640	P11972	0
Q07376	P47035	0
P40892	P32787	0
Q12174	P40079	0
P25344	P15367	0
P47064	P34241	0
P40151	P38806	0
P40564	P08518	0
P47134	P39992	0
Q04195	P05626	0
Q02773	P40958	0
Q07509	P38779	0
P40151	P38324	0
P38872	P03069	0
P53116	P50091	0
P40357	P33419	0
P34758	P32897	0
P53933	P25297	0
Q12483	P27692	0
P30822	P11972	0
P52919	P39996	0
Q12038	P47027	0
Q03455	P23644	0
P48240	P32914	0
P46961	O13297	0
Q05166	P53215	0
P39727	P13902	0
Q04697	P07250	0
Q08956	Q06598	0
P53867	P48234	0
P46964	P09959	0
P35727	P32828	0
P53551	P31412	0
Q12028	P32832	0
Q08492	P53337	0
P47166	P09440	0
P40005	P19736	0
Q12349	Q06102	0
Q99190	P31382	0
P33767	P32773	0
Q12335	P39954	0
Q08096	P14682	0
P47053	P41832	0
P52593	P35201	0
Q12059	P46680	0
Q03661	P53237	0
P06103	P00128	0
P46681	P13517	0
P38759	P06783	0
P38850	P14242	0
P38298	P32767	0
Q99190	Q07376	0
P38910	P27895	0
Q12328	P43555	0
P40969	P25567	0
P47042	P38784	0
Q05031	P38700	0
Q12361	Q08278	0
Q05080	P20134	0
P40357	P04050	0
P40582	P32573	0
Q06135	P38310	0
Q12038	P34224	0
P53181	P14064	0
P40465	P13259	0
Q08204	P35056	0
Q12019	P38789	0
Q06697	P53254	0
Q12432	P38270	0
P37366	P32471	0
P40314	P32558	0
Q12464	P38237	0
P53971	P38781	0
Q08966	P28496	0
Q06815	P37302	0
Q03290	P08524	0
Q06410	P04786	0
P38915	P23301	0
P47129	P38265	0
Q00416	P38842	0
P53236	P40020	0
P40018	P37838	0
Q12424	P38121	0
Q08962	P38960	0
Q12347	P40969	0
P34224	P00549	0
Q04673	P19882	0
P80428	P40548	0
P40460	P36107	0
P53633	P47011	0
P52910	P08456	0
Q12464	P11914	0
Q12443	P40013	0
Q99382	Q03322	0
Q04636	P16664	0
P46964	P39011	0
Q07914	P12385	0
P53628	P21691	0
Q03862	P39520	0
P32605	P21957	0
P38705	P33339	0
P28707	P08456	0
Q02630	P38304	0
P47090	P40959	0
P36168	P19097	0
P33331	P14908	0
P53829	P38962	0
P53731	P47132	0
P39715	P11747	0
P47057	P13382	0
Q08109	P35184	0
P53286	P20434	0
Q08096	P36016	0
Q02795	P53248	0
Q08886	Q08562	0
P40509	P32829	0
Q12264	P26755	0
Q03944	P38692	0
Q99176	Q12270	0
P40555	P11978	0
P50874	P13259	0
Q03455	P53150	0
Q03465	P34227	0
Q06406	P53735	0
P46954	P25575	0
Q02794	P32481	0
P41543	P36165	0
Q07921	P53323	0
Q03323	Q02892	0
Q12243	P47025	0
P42839	P25580	0
P38911	P07250	0
P39734	P28239	0
Q03048	P54837	0
Q03455	Q02516	0
Q99190	Q12280	0
Q03465	P34730	0
P47176	P38251	0
Q06551	P32558	0
P38879	P07248	0
P35728	P25370	0
Q07986	P47025	0
P50105	P32607	0
P36049	P19659	0
Q04062	P40455	0
Q12361	Q07887	0
Q03761	P38431	0
P48439	P20050	0
Q02100	P48568	0
Q92331	P41817	0
P39996	P35172	0
Q12365	P07261	0
Q12071	P10961	0
P53323	P38953	0
Q04412	P47152	0
P50875	P43574	0
Q07381	P54791	0
P39550	P32564	0
P40484	P32902	0
Q12006	P17065	0
P41800	P25579	0
P39563	P32829	0
Q06628	P34161	0
P50278	P08638	0
Q08965	P39735	0
P39998	P26798	0
P40355	P25646	0
P53740	P40003	0
Q12300	P33399	0
Q12035	P42944	0
Q07509	P16547	0
Q12361	P45819	0
Q04121	P11972	0
Q03697	P52891	0
P47167	P32601	0
Q04149	P32829	0
P43560	P00410	0
Q06651	P25301	0
P38989	P10863	0
P38181	P21827	0
P38204	P12294	0
P50104	P38998	0
P43682	P32796	0
P38769	P09119	0
Q12142	P81450	0
P38877	P11710	0
P43622	P40857	0
P38789	P26755	0
P39968	P07250	0
Q12464	P36165	0
Q12028	P32805	0
Q12192	P40054	1
P47104	P17891	1
Q12142	Q00362	1
Q05080	P39967	1
P43638	P31382	1
P08566	P05694	1
P53322	P32796	1
Q12020	Q03071	1
Q08873	P38692	1
Q07657	P38631	1
Q00416	P18480	1
Q12236	P38769	1
P51601	P33891	1
Q12285	P17536	1
Q03656	P48240	1
P51601	P38293	1
Q08438	P53040	1
P43601	P16664	1
Q02825	P53011	1
P38708	P35729	1
Q12174	Q02795	1
P39744	P38801	1
P40453	P38956	1
P38193	P33331	1
P42839	P32573	1
P53910	P38072	1
Q06696	P12753	1
P53316	P38792	1
Q06706	P43638	1
P50105	P50104	1
Q08966	Q00539	1
Q07930	P00931	1
Q05947	P32628	1
P14737	P00549	1
Q00873	P36168	1
P33314	P07262	1
Q07381	P53865	1
Q12468	P43592	1
P53168	P47057	1
P19882	P09032	1
Q12055	P36012	1
P53740	P53237	1
P47089	P40960	1
P38339	P09798	1
Q06324	Q04373	1
P35178	P20459	1
Q03976	P32944	1
P32481	P02829	1
Q06324	P41277	1
P53893	P35194	1
Q03782	P32264	1
P38742	P13711	1
P41832	P38903	1
P40480	P40340	1
Q06142	P08431	1
P46949	P40055	1
Q06648	P39682	1
Q08204	P32807	1
Q6Q547	P46655	1
P50094	P41813	1
Q06102	P39723	1
Q12045	P53550	1
Q12154	Q06078	1
Q12527	P06773	1
Q06411	Q00816	1
Q07914	P38264	1
Q08873	P53968	1
P51601	P39523	1
P40078	P39008	1
Q12038	P50945	1
Q07657	Q02554	1
P38883	P32521	1
P53082	P15873	1
Q06324	P39523	1
P40484	P36172	1
Q06704	Q04062	1
Q12009	P15303	1
P32900	P27796	1
P48363	P30822	1
Q05881	P40507	1
P43132	P32570	1
Q05636	P32602	1
Q04675	P11938	1
P53738	P46655	1
P47068	P17555	1
P53965	P38634	1
Q99299	Q07657	1
P53067	P40036	1
P47165	P12962	1
Q06708	P19735	1
Q12280	P39935	1
P43583	P06103	1
P53082	P38794	1
Q04233	P32502	1
P25615	P24482	1
P53859	P32447	1
P43574	P21672	1
Q12499	P07260	1
Q99383	Q08438	1
P40469	P40368	1
Q12365	P36022	1
Q12368	Q08723	1
P53163	P22203	1
Q08438	P38822	1
P48568	O74700	1
P53011	P12611	1
Q04199	P34244	1
Q12328	P35728	1
Q12045	Q07887	1
P42846	P30619	1
Q04673	P07272	1
P38801	P36162	1
P38291	P14306	1
Q08749	P38072	1
P53855	P53199	1
P31382	P23301	1
P53185	P39705	1
Q12517	P28007	1
Q04233	P38293	1
Q01159	P54790	1
P32478	P07258	1
P42951	P39979	1
Q12318	P49166	1
Q03818	P40518	1
P54885	P39016	1
Q08746	P38334	1
P36080	P09032	1
P32504	P27614	1
P48363	P32501	1
Q08004	P25359	1
Q7LIF1	P28000	1
Q06628	P38273	1
Q08931	P33329	1
Q12473	P32639	1
Q03956	P28817	1
P15303	P10869	1
P38768	P24004	1
Q12344	P39742	1
P52910	P36029	1
P47822	P32354	1
Q08491	O13539	1
Q08491	P38682	1
P39979	P37302	1
P47057	P32263	1
P53552	P33199	1
Q05080	P40155	1
P54786	P38959	1
P39531	P38631	1
Q03690	P32495	1
Q12028	Q02793	1
Q12044	P53082	1
P48837	P18962	1
P32337	O13563	1
Q02260	P15442	1
Q99299	P06105	1
Q07623	P09938	1
P53136	P27801	1
Q06549	P39730	1
Q06169	P38789	1
Q12241	P38996	1
P41813	P32496	1
P52286	P38431	1
Q04651	P53939	1
Q12060	P28274	1
P38989	P05694	1
Q12241	P52910	1
P40095	P32578	1
P47129	P36103	1
P43682	P32564	1
P49573	P32855	1
P40555	P38850	1
P14724	P12962	1
P53863	P38855	1
Q12343	P53952	1
Q07913	P26755	1
P53900	P21242	1
Q02908	P14736	1
Q06696	P23624	1
P38871	P32578	1
P32634	P32501	1
Q02732	P38826	1
Q12017	Q08285	1
P46974	P41895	1
P38346	P25659	1
P38431	P38247	1
Q92331	P40457	1
Q08956	P39967	1
Q06411	P38237	1
P30624	P11745	1
P38240	P33304	1
P40078	P12385	1
P53081	P20459	1
P42846	P30822	1
Q06411	P47122	1
P38636	P09624	1
Q04233	Q00539	1
P39707	P07262	1
P53209	P38298	1
Q12285	Q04199	1
P38871	P33419	1
P19735	P00958	1
P04387	P02400	1
Q08144	P40009	1
P38853	P34240	1
P53130	P40564	1
P36010	P32074	1
P37366	P00128	1
P38932	P33895	1
P36421	P07274	1
Q08285	P53904	1
Q06665	P38810	1
Q03322	P09032	1
Q04978	Q02773	1
Q08956	P38316	1
Q03735	P38427	1
Q12420	P25344	1
Q02866	P23624	1
P36144	P17214	1
Q02630	P25644	1
P46674	P28320	1
P50104	P07261	1
Q02773	P53068	1
Q08963	P35203	1
P38249	P00958	1
P48412	P40473	1
Q08446	P38634	1
Q12276	P22137	1
Q12495	P50105	1
Q12055	P53067	1
Q08979	Q06151	1
Q03048	P30822	1
Q05947	P47165	1
Q02354	P35728	1
P38276	P33418	1
Q06406	P53930	1
Q02825	P36139	1
P34216	P32786	1
Q03503	P32917	1
Q06102	P12868	1
Q08965	P46995	1
Q08550	Q04792	1
P53954	P16661	1
P40468	P36049	1
P41817	P40992	1
Q05022	P04387	1
P39008	P14904	1
P32898	P20486	1
Q08387	P32908	1
P40362	P32578	1
Q08208	P39563	1
P39715	P38853	1
P46655	P15646	1
Q06406	P07274	1
P12962	P06773	1
P33399	P26448	1
Q04149	P42951	1
Q03630	P47083	1
Q04693	Q03774	1
Q08873	P52918	1
P50278	P38324	1
Q06628	P38872	1
P21672	P12754	1
P47122	P46970	1
Q04562	P19812	1
Q08215	P41816	1
Q08921	Q07930	1
P38768	P34730	1
Q08956	O13565	1
P38339	P06103	1
P40857	P38301	1
Q07376	Q06628	1
P21951	P14242	1
P38229	P38208	1
Q03954	P32521	1
P39968	P36013	1
P46947	P07262	1
Q07376	P15891	1
P38990	P38786	1
Q06704	P34223	1
P53830	P21801	1
Q00684	P53248	1
Q00916	P25655	1
P40335	P33419	1
P40202	P32773	1
P38990	P32074	1
P38788	P29465	1
P40541	P20437	1
Q08492	P15646	1
P43603	P22203	1
Q03956	P23059	1
P42839	P13517	1
P89102	P38283	1
P53924	P38789	1
Q03900	P23644	1
Q08287	P39720	1
P40013	P35203	1
Q12276	P00724	1
Q07688	P14680	1
Q12477	Q12473	1
P53904	P38801	1
Q99189	P14724	1
P38692	P12383	1
P39729	P38237	1
P47050	P36421	1
P53248	P33204	1
Q03322	P49687	1
Q12206	P38862	1
P40103	P15646	1
Q05610	P40202	1
P32450	P25555	1
P38334	P00330	1
P53930	P40078	1
P47166	P21657	1
P52593	P17255	1
P48582	O13554	1
P17709	P00560	1
P39998	P15891	1
Q06679	P28707	1
P36145	P11709	1
P38855	P38274	1
P32786	P08524	1
P25655	P25615	1
P50944	P07866	1
Q08920	P13517	1
P32525	P28007	1
Q01590	P47165	1
Q12754	P04456	1
Q07418	P08431	1
Q05080	P43592	1
P48239	P06839	1
Q03338	P32600	1
Q05785	P36103	1
Q06676	P38181	1
Q04792	P40018	1
P53599	P12385	1
Q12230	P40483	1
Q08956	Q08245	1
Q92317	P32380	1
P32607	P25584	1
Q12028	P19735	1
P47029	P34217	1
Q12163	P33892	1
Q03012	P43583	1
Q12329	P48412	1
P22336	P14164	1
P53550	P40340	1
Q04199	P38806	1
P48836	P38310	1
P42935	P38856	1
P32523	P10869	1
P38265	P31111	1
Q06628	P40092	1
Q06648	P36029	1
P41810	P38315	1
Q12424	P38886	1
Q08438	P28795	1
Q02775	Q01159	1
P40507	P00729	1
P38749	P20437	1
Q05610	P03965	1
P40555	P38806	1
Q06631	Q02775	1
P40007	P38850	1
P38873	P33307	1
Q04031	P50113	1
Q00955	P54861	1
Q05775	P06844	1
P35718	P20457	1
P33892	P20459	1
P53847	P06101	1
P53010	P20486	1
Q03768	P38705	1
Q12411	P35184	1
Q12107	P05085	1
Q99189	P19812	1
Q06549	Q05933	1
Q00723	P32528	1
Q12449	P53254	1
P38998	P31382	1
Q12277	P32505	1
P39729	P38692	1
P47083	P17536	1
P53184	P38149	1
P39534	P35177	1
Q12380	Q00416	1
P36008	P28795	1
P40473	P33333	1
Q06436	P36224	1
Q12280	P46949	1
Q03096	P32525	1
P36168	P12887	1
Q04067	P52286	1
Q05930	P53845	1
P37303	P32263	1
Q07896	P32525	1
Q06673	P46672	1
P31382	P25582	1
P34077	P21192	1
P43587	P36161	1
P40395	P06844	1
P48559	P14742	1
Q99394	Q02256	1
Q12477	P18494	1
Q07657	P39108	1
Q06142	P39715	1
P36008	O13553	1
Q07458	P32354	1
Q02608	P19955	1
Q02884	P47017	1
P52593	P35728	1
Q04031	P31539	1
Q08215	P38792	1
Q12280	Q04195	1
P38788	P32478	1
P53261	P38879	1
P40164	P06103	1
P46995	P40061	1
Q12452	P29509	1
P53221	P32336	1
Q12477	P38316	1
P42843	P39927	1
P38959	P07274	1
P48415	P25369	1
Q06479	P40066	1
P52553	P38769	1
Q12018	P40091	1
P53278	P12945	1
P35718	P23255	1
Q02866	P36139	1
Q12447	P36224	1
P25584	P00358	1
Q06677	P53914	1
Q12276	P32610	1
P40010	P12753	1
Q12280	P53855	1
Q08979	Q08144	1
Q99189	Q12734	1
P38871	P25558	1
P25615	P10363	1
Q12527	P27796	1
P32450	P00044	1
Q12420	P34253	1
P53064	P24869	1
P46682	P38247	1
P40202	P08524	1
Q08491	P53855	1
P53939	P07149	1
Q04087	P36131	1
P52910	P18888	1
P20795	P12753	1
P41832	P40048	1
Q12328	P47176	1
Q07376	P33400	1
P27351	P25586	1
Q08444	P40512	1
P40554	P27637	1
P19882	P17065	1
Q03208	P32389	1
P40167	P27796	1
Q12329	Q06648	1
Q05610	Q00723	1
P39937	P33401	1
Q05778	Q00684	1
P41817	P16522	1
P40314	P32504	1
Q05778	P40061	1
P38764	P36165	1
Q07930	P40091	1
P23542	P06102	1
Q03656	P32432	1
Q08245	Q04272	1
Q07528	P05318	1
P32525	P14724	1
P39702	P35210	1
P42942	P35718	1
P33400	P12383	1
P25586	P19735	1
Q04412	P46947	1
Q99207	Q02196	1
P28817	P06105	1
P40960	P38208	1
Q12262	P04050	1
P53196	P15807	1
P40471	P25646	1
P38856	P38013	1
P38872	P32917	1
Q04493	P53847	1
Q12199	Q03898	1
P40055	P32496	1
P46985	P36085	1
Q00816	P38313	1
Q12102	P32569	1
P53738	P23724	1
P53261	P27705	1
Q12301	Q05874	1
Q7LIF1	P53959	1
P38861	P31382	1
P38874	P30902	1
P36160	P06774	1
Q12220	P53930	1
P38283	P08524	1
P53600	P33307	1
Q03406	P39875	1
Q12168	P38705	1
P47124	P40010	1
P43572	P04386	1
P40316	P39707	1
Q12044	P46682	1
Q03981	P20795	1
P38427	P33401	1
Q03162	P38310	1
Q99176	P38716	1
Q08931	P36068	1
P38720	P09938	1
P48361	P40095	1
P53740	P53209	1
Q05166	Q04002	1
P35056	P34240	1
P47093	P46673	1
Q12165	Q04411	1
Q01389	P38705	1
P35727	P34223	1
Q99207	Q05636	1
P53939	P12754	1
Q99299	Q05947	1
P53322	P03965	1
Q03900	P11746	1
Q08387	P50105	1
P53280	P38990	1
P48582	P09798	1
P53221	P08524	1
P39935	P33891	1
Q07376	P53604	1
Q12256	Q05881	1
P39718	P15442	1
Q03750	P21957	1
P53238	P27614	1
Q08236	P39718	1
P48582	P48240	1
P14359	P06103	1
P39904	P25296	1
P53271	P40483	1
Q04067	P14682	1
P53622	P12962	1
Q12220	P38198	1
P40574	P39904	1
Q12377	P06103	1
P40480	P32628	1
Q04839	P38636	1
P38636	P05085	1
P21538	P07272	1
P41814	P40079	1
Q12427	P38998	1
P32911	P12383	1
Q02732	P38838	1
P47054	P38705	1
Q03954	P47150	1
P24482	P13365	1
P48412	P34253	1
Q12449	Q07657	1
Q12199	P40512	1
Q04930	Q02196	1
P47150	P41810	1
Q04792	Q04087	1
Q03898	P38788	1
Q12168	P53933	1
P38042	P34110	1
Q03323	P38319	1
P32325	P08524	1
P53743	P53298	1
Q04062	P52910	1
Q07732	P38636	1
P38768	P12753	1
P47165	P38129	1
P39929	P22224	1
P52286	P06839	1
P39723	P17255	1
P42935	P11709	1
P21374	P00044	1
Q04978	Q03619	1
P28000	P11747	1
Q08962	P20435	1
Q07376	P02829	1
P53286	P13663	1
Q04562	P49166	1
Q02100	P40167	1
P39979	P23201	1
Q08550	P38182	1
Q04673	P34218	1
Q08235	P49960	1
P52919	P38193	1
Q07528	P40091	1
P40061	P25293	1
P46682	P24482	1
Q04373	P38274	1
Q02825	P54860	1
Q03897	P46672	1
P53091	P47042	0
Q06200	P07213	0
Q02732	P54837	0
P53231	P46678	0
P38742	P22579	0
P39929	P38630	0
Q12336	P32628	0
P50091	P26755	0
P38691	P38111	0
Q06102	P26798	0
Q06632	P40970	0
P33323	P13574	0
Q06406	P28320	0
P53269	P38817	0
Q03435	P47113	0
Q12161	Q05874	0
Q04477	P40355	0
P32319	P22135	0
P53738	P47042	0
Q12176	O13297	0
P32341	P09032	0
Q12297	P23644	0
P46676	P12753	0
P38692	P12695	0
P50104	P42935	0
Q03373	P39682	0
Q05580	Q02795	0
P48559	P34241	0
Q08162	P38265	0
Q06630	P02829	0
P53299	P38630	0
P35191	P34161	0
P50091	P21339	0
P87284	P81450	0
P36029	P32558	0
P46672	P46669	0
P19659	P00410	0
P53061	P23179	0
Q07986	P40518	0
P36139	P35191	0
P40075	P28006	0
Q06815	P40892	0
P53912	P33301	0
P39735	P32564	0
P36224	P25441	0
P32480	P25651	0
Q04048	P39011	0
Q06102	Q03213	0
P13574	P07213	0
P81450	P32573	0
Q12224	P39962	0
P36118	P06774	0
P38838	P36015	0
P41810	P40992	0
Q03619	P29539	0
Q12267	P38337	0
P47083	P38960	0
Q04121	P25358	0
Q12035	P35203	0
Q12256	P53750	0
P47079	P39720	0
P53259	P25558	0
P53299	P32788	0
P48415	P42942	0
P80667	P21651	0
Q08685	Q04930	0
P41805	P21957	0
Q12389	P32805	0
P38989	P27692	0
P53952	P53258	0
Q92316	P33400	0
Q03373	P17442	0
Q12754	P35180	0
P42845	P38811	0
P43621	P25360	0
Q12418	P53551	0
Q04048	Q03935	0
P53904	P53389	0
P40573	P38782	0
Q12443	P34161	0
Q12449	P26755	0
Q12488	P39011	0
Q12270	P07390	0
P39734	P26309	0
Q12329	P06838	0
Q12192	P53628	0
P34238	P16151	0
P38287	P32833	0
P38072	P36094	0
P32898	P32828	0
P53337	P11745	0
P39112	P34164	0
Q07350	P40069	0
Q01329	P31412	0
Q92331	Q12335	0
Q12343	P38315	0
Q03063	P32911	0
P53061	P46676	0
P41912	P19658	0
Q12415	P40092	0
P40574	P33767	0
Q12059	P06777	0
P40992	P33759	0
P53823	P40453	0
P89105	P07269	0
P53857	P40087	0
Q12377	P47025	0
Q04978	P07248	0
Q06525	P53857	0
P50104	P36168	0
P46963	P40969	0
Q05080	P35206	0
P53159	P47152	0
P49334	P32582	0
Q07921	Q04031	0
P47029	P25299	0
P53954	P21374	0
P53171	P38182	0
P38138	P36149	0
Q06697	P32334	0
P54860	P25651	0
P36139	P04386	0
Q03373	P32432	0
Q12306	P33759	0
Q08886	P53551	0
P53269	P35187	0
Q06032	P07390	0
Q06675	P50944	0
P47171	P40960	0
P46957	P12294	0
Q12494	Q03691	0
P38837	P38068	0
Q01722	P48606	0
P39111	P16387	0
P39702	P38042	0
P53265	P38764	0
P53221	P40020	0
Q12300	P52910	0
P38265	P23337	0
P50278	P38298	0
P53824	P49960	0
Q02608	P07347	0
P52919	P39001	0
Q02805	P39523	0
P38872	P28320	0
P53823	P35177	0
Q06525	P53207	0
P39707	P32354	0
P53867	P42941	0
Q12082	Q08923	0
Q12427	P38272	0
P40032	P38193	0
Q02795	P07347	0
P39730	P32830	0
Q02208	P33401	0
Q12434	P53215	0
P38993	P32600	0
P53236	P33401	0
P40343	P11747	0
P53278	P33441	0
P38881	P34226	0
P32910	P06838	0
P40316	P38240	0
Q03406	P09119	0
P41810	P07272	0
Q12443	P38735	0
Q05900	P25299	0
Q03435	P39073	0
Q12199	Q03834	0
Q06178	P43560	0
Q07915	P28239	0
P40395	P40360	0
P38272	P25582	0
P53163	P35842	0
P53893	P07703	0
Q6Q547	Q08683	0
Q03656	P13434	0
P38720	P32797	0
P53954	P07834	0
Q12749	P02293	0
P42942	P32366	0
Q08032	P35184	0
Q12019	Q02256	0
P37838	P22007	0
P53973	P38261	0
P32916	P14242	0
Q02908	P53044	0
Q04272	P32829	0
Q02608	P40094	0
Q06151	P38957	0
P38068	P17555	0
P33199	P21339	0
Q03177	P46673	0
Q05911	P37303	0
Q12464	Q08817	0
P53823	P49435	0
P53181	P19263	0
P48568	P25371	0
Q12446	Q00873	0
Q06673	P43545	0
P53961	P25648	0
Q08923	P38766	0
Q12264	Q06339	0
P53281	P38111	0
Q06604	Q00873	0
Q03935	P19658	0
Q99278	P19097	0
Q04461	Q03774	0
Q12066	Q04461	0
P53437	P40070	0
Q05930	P08518	0
P47090	P38788	0
Q08873	P12887	0
Q04195	P32805	0
Q04195	P39001	0
Q08491	P54837	0
Q06490	Q02795	0
P20795	P07273	0
Q03208	P47012	0
Q04601	P39112	0
P53538	P10834	0
P40014	P25644	0
Q12206	P22140	0
P46957	P32499	0
P46964	P32605	0
Q12059	P46985	0
Q05933	P32389	0
Q03661	P39682	0
Q04110	P07834	0
P40355	P32521	0
P38960	P34244	0
Q12026	P46963	0
Q03579	P22035	0
P38792	P12695	0
P35817	P31385	0
Q12315	P47027	0
Q12495	P09440	0
P47115	P14736	0
P47089	P38811	0
Q03162	P53740	0
P42941	P15891	0
P40484	P39534	0
P18963	P12954	0
Q04233	Q02516	0
P38111	P07264	0
P39929	P38121	0
Q12233	P50275	0
P40958	P06839	0
Q02776	P07261	0
P41543	P08431	0
Q06164	P34218	0
P38861	P38068	0
P38682	P21705	0
P53079	P39113	0
Q12082	P04386	0
Q02555	P01149	0
P53145	P05375	0
Q03048	P46964	0
P54786	P41546	0
P32478	P07273	0
P25302	P12611	0
Q12328	P23337	0
Q02721	P25559	0
P39929	P38064	0
P47132	P25367	0
Q03103	P47134	0
Q02767	P80428	0
P47171	P39112	0
Q12224	P22804	0
P52891	P50104	0
Q07914	P38842	0
P40455	P38315	0
Q99383	Q03455	0
P41896	P07262	0
Q06135	P40325	0
Q12059	P14291	0
P53253	P39875	0
P39685	P32800	0
Q03750	Q03656	0
P53250	P38272	0
Q01329	P00420	0
Q04693	P38957	0
P48813	P33339	0
P53238	P07703	0
Q03691	P09798	0
P33122	P15873	0
Q08208	P40987	0
Q06436	P07703	0
Q06340	P43555	0
Q12336	P38915	0
P34218	P24482	0
Q08109	P23337	0
P53961	P38261	0
P04456	P00128	0
Q00711	P24869	0
Q08096	P40094	0
P43555	P00560	0
P48813	P22515	0
Q12055	P43596	0
P47104	P40357	0
Q06676	P38204	0
P53141	P20050	0
Q12262	P41805	0
P47029	P27692	0
P47822	P32481	0
P40492	P33304	0
P53116	P41546	0
P40473	P40075	0
P38328	P32585	0
P50106	P41810	0
P28320	P21801	0
Q01080	P22140	0
Q12336	Q06405	0
P87284	P52553	0
Q04368	P32859	0
P50106	P22214	0
P53261	P50105	0
P53337	P33755	0
Q06411	P25441	0
P42942	P38631	0
P38883	P26309	0
P22035	P13186	0
Q06708	P41817	0
Q06405	P20436	0
Q02574	P38247	0
P53973	P20435	0
P53215	P09798	0
P46671	P33301	0
P32642	P10961	0
P39113	P25298	0
P15442	P08518	0
Q08980	P25559	0
Q12206	P39113	0
P40496	P38286	0
P46678	P06102	0
P53961	P35842	0
P41697	P11914	0
P38744	P02400	0
Q06208	P53861	0
Q06224	P53924	0
Q03697	P39730	0
P53299	P04076	0
Q12230	Q01217	0
P33306	P32583	0
Q05874	P38751	0
P38811	P11709	0
Q12102	Q06324	0
Q12264	P47110	0
P38288	P04076	0
P53857	P00330	0
Q12063	P53337	0
P53039	P47064	0
P40956	P32334	0
P07390	P00358	0
P25046	P10834	0
P38736	P26754	0
P37303	P07703	0
Q06410	P32902	0
P25371	P18888	0
P41546	P38867	0
Q06525	P25298	0
P22203	P12887	0
P38064	P11709	0
Q08236	P39685	0
P38915	P36129	0
Q12004	P32453	0
P53278	P39001	0
P46963	P46961	0
Q02208	P35734	0
Q12102	P40395	0
Q12224	P20435	0
P40892	P14064	0
P80667	P53116	0
P28791	P19955	0
Q04958	P26448	0
P40355	P39952	0
Q12692	P08456	0
P47115	P00724	0
P38786	P36057	0
Q12060	P37303	0
Q12071	P22139	0
P47012	P38251	0
Q12004	P53893	0
Q04004	P53633	0
Q04003	P53901	0
P40957	O13554	0
Q06677	Q05933	0
P53316	P46964	0
Q03944	Q03619	0
Q03435	P41832	0
Q04195	P40356	0
Q05930	Q03213	0
P36029	P10961	0
Q04935	P53930	0
Q12082	Q06091	0
Q99299	P14906	0
P36129	P32898	0
P47113	P12887	0
P54860	P38072	0
Q12336	Q08729	0
Q04958	P40465	0
Q07458	P38153	0
P36013	P34218	0
Q12749	Q04002	0
P13663	P03069	0
P38811	P07274	0
P39875	P12945	0
Q12306	P53973	0
Q08921	P04050	0
Q06091	P40509	0
Q04697	P25584	0
P53616	P13902	0
Q07732	P26798	0
P54999	P29056	0
Q08032	P50091	0
Q06169	P21691	0
P53924	P53259	0
Q01852	P36116	0
Q12186	P41896	0
Q02794	P32566	0
Q04651	P40151	0
Q03697	P07342	0
P35201	P16664	0
P38992	P38716	0
P40355	P40078	0
P47058	P06779	0
Q08004	P40969	0
P22336	P14242	0
Q12462	Q12309	0
P20457	P19658	0
Q03503	P32486	0
Q12349	P47068	0
Q04511	P38298	0
P43621	P40079	0
Q06412	P40073	0
P36145	O13530	0
Q12349	P39685	0
P38273	P38264	0
P36010	P00410	0
P53044	P40167	0
P53971	P38995	0
P40069	P38439	0
P47152	P20967	0
Q12026	P47104	0
Q06224	P38276	0
Q07914	Q02197	0
Q04264	P47061	0
Q12270	Q02732	0
P47115	P36094	0
Q06676	P38182	0
P51601	P26754	0
Q99176	Q03860	0
Q05031	P00410	0
Q12270	P33301	0
P41697	P18900	0
P53633	P32354	0
Q12082	P29468	0
Q12411	P32558	0
P39927	P08518	0
P53108	P07264	0
P39713	P21538	0
Q02208	P53068	0
P50105	P38692	0
P53824	P37302	0
P28004	P07342	0
Q03981	Q03103	0
P53954	P06700	0
Q07921	P37370	0
Q12035	Q04562	0
Q12159	P47054	0
P38810	P21304	0
Q01080	P35728	0
P40164	P00420	0
P34252	P33754	0
P40970	P36049	0
Q12129	Q03103	0
Q12102	P47038	0
P33122	P02400	0
Q05027	P05694	0
P43682	P32783	0
P53855	P53093	0
Q12427	P53209	0
Q07381	P53215	0
Q06137	Q03697	0
P40513	P40492	0
P38956	P38827	0
P07347	P07272	0
P50945	O13530	0
P53272	P25293	0
Q08601	P38953	0
P46949	P32499	0
P43583	P29055	0
P39001	P38829	0
Q12321	P27351	0
P54861	P39954	0
Q01159	P43592	0
Q02875	P47042	0
Q03697	P34227	0
P53184	P28000	0
Q03944	P21374	0
P38867	P32911	0
P43572	P35194	0
Q02908	P38992	0
Q08438	P36121	0
P53136	P10961	0
P33338	P22035	0
P51601	P05626	0
P57744	P40483	0
P40509	P15646	0
P42944	P38344	0
Q08018	Q02554	0
Q05785	P40090	0
Q06631	P33421	0
Q12006	P29340	0
Q12300	P17106	0
P38744	P14359	0
Q04048	P21957	0
Q08387	Q08162	0
Q03973	Q03944	0
P36147	P17709	0
P15303	P06786	0
Q12102	Q05580	0
P40020	P21672	0
P41810	P38915	0
Q05778	Q05359	0
P53914	P43612	0
P46675	P32618	0
P25298	P11914	0
P40020	P38759	0
P46678	P00445	0
P31378	P22214	0
Q07509	P40325	0
P47058	P08964	0
P45976	P39703	0
Q03691	P40555	0
P40507	P38353	0
P53243	P53082	0
P40513	P26188	0
P46669	P21672	0
P39524	P32797	0
P32829	P31378	0
Q12154	P23776	0
Q12224	P23776	0
Q08746	P53973	0
Q00578	P40360	0
P38077	P32641	0
Q08949	P38428	0
Q02794	P16522	0
Q08492	P25371	0
P35191	P12945	0
P48524	P47123	0
P38784	P00950	0
P35179	P18963	0
P39960	P32559	0
Q08204	P11914	0
Q12306	P33421	0
Q05670	P53215	0
P54837	P39744	0
Q12060	Q02931	0
Q12443	P19358	0
P38826	P38700	0
Q06632	Q03322	0
P39969	P38130	0
P46678	P12683	0
Q04958	P21242	0
Q12019	P47135	0
Q06819	P20050	0
P46947	P32367	0
P53081	P11972	0
Q12327	Q04958	0
Q04264	P89105	0
P34161	P32368	0
Q06551	P09457	0
Q05785	P39702	0
P53628	P36057	0
P36161	P35201	0
P33759	P17891	0
P53965	P32494	0
P36172	P22135	0
Q12443	P21691	0
P34238	P25649	0
Q06648	P28496	0
P35191	P32641	0
Q07540	Q02196	0
P48524	P25502	0
Q04370	P33301	0
P53628	P00431	0
Q01852	P40038	0
Q12343	P46682	0
Q02794	P47005	0
P38293	P22579	0
P43639	P36034	0
Q08208	P53914	0
P48412	P39007	0
P38080	P13259	0
P41805	P35180	0
Q12045	P53959	0
P53280	P53067	1
P53628	P43593	1
Q08723	P38217	1
Q04031	P00937	1
Q00723	P32349	1
Q00916	P53248	1
Q12440	Q04004	1
Q12277	P35729	1
Q04264	P40016	1
P38313	P25584	1
Q99176	Q08746	1
Q02866	P39743	1
P23644	P00358	1
P40350	P32591	1
P53136	P32074	1
Q12241	Q04199	1
Q05024	P53600	1
P36131	P34223	1
P42073	P38720	1
P40515	P38814	1
P40462	P38193	1
P38886	P24004	1
Q12418	P38810	1
Q05022	P53254	1
P47083	P28817	1
Q06706	P07866	1
Q12233	P32910	1
P17442	P10363	1
P53855	P25604	1
Q04217	P32524	1
Q04511	P32911	1
Q99176	P15807	1
P25635	P17123	1
P38270	P12383	1
P32917	P28707	1
Q12035	P81450	1
Q00955	P53280	1
Q08966	P15807	1
Q04562	P20795	1
Q12276	P39960	1
P53845	P38257	1
Q08550	P53883	1
P36124	P33329	1
Q08492	P46995	1
P32602	P25569	1
P40453	P35207	1
P22203	P22007	1
P53082	P35056	1
P12962	P10862	1
P41816	P33420	1
Q06251	Q00816	1
Q12277	Q06651	1
P38873	P34216	1
Q12349	P27692	1
Q12009	Q08729	1
P36107	P35729	1
P40509	P38068	1
Q06408	Q02890	1
Q12142	Q05022	1
P42845	P34244	1
P40956	P15705	1
P48510	P04386	1
Q06142	Q05022	1
P53112	P38329	1
Q04121	P35203	1
Q07528	P18410	1
P51601	P12962	1
Q06708	P32500	1
P53159	P11709	1
Q04062	P27515	1
P36013	P34164	1
P53859	P38886	1
Q12285	P40988	1
Q12163	Q06137	1
Q02196	P40483	1
P39730	P25357	1
Q00955	P38283	1
P53112	O14455	1
P38631	P25298	1
P40507	P38788	1
P33199	P32447	1
P54860	P40395	1
P38801	P36118	1
P39742	P36029	1
P32796	P30619	1
Q08446	Q04693	1
P53130	P39682	1
P40988	P14126	1
P40038	P40036	1
P39935	P34217	1
Q08931	Q06340	1
Q12276	Q03768	1
Q03338	P32602	1
Q08949	P53250	1
Q12124	P22515	1
Q03768	P53845	1
Q03071	P46672	1
P38793	P38237	1
Q04373	Q02884	1
Q08931	P29366	1
Q08817	P40078	1
Q12151	P24482	1
Q12427	P38853	1
P38431	P18852	1
Q12168	P39979	1
P32774	P22336	1
P47113	P32523	1
P53632	P22133	1
Q05998	P38995	1
P53604	P36118	1
P48239	P32607	1
Q99207	P21306	1
P53256	P12611	1
P40066	P07251	1
P38829	P38726	1
Q05778	P53965	1
P39954	P02309	1
P53125	P38931	1
P39960	P21268	1
P53313	P38705	1
P41810	P38873	1
Q12380	P15705	1
P53168	P39723	1
P38874	P35190	1
P42935	P14126	1
P39743	P25357	1
Q07834	P47150	1
Q12285	P12385	1
P24869	P19735	1
P39010	P25297	1
P47029	P38287	1
Q12341	Q07508	1
P32639	P25644	1
P38850	P31383	1
P53924	P09938	1
P40013	P29465	1
P22133	P00924	1
P53731	P14359	1
P53199	P38798	1
Q12468	P27515	1
Q04005	P54999	1
Q04067	P53738	1
Q06479	P35688	1
Q08446	P09938	1
Q03338	P38274	1
P53600	P07270	1
P47017	P38080	1
Q02948	P34758	1
Q06169	P35056	1
P24814	P13365	1
Q06169	P23624	1
P36080	P23301	1
P37296	P25293	1
Q12063	Q07887	1
P47110	P39720	1
Q03956	P47120	1
Q02890	P53743	1
P41911	P37302	1
Q00916	P23644	1
P39998	P38716	1
P38270	P25649	1
Q04511	P11927	1
Q05580	P32610	1
Q06142	P53622	1
P47116	P43593	1
Q12129	Q04121	1
P52910	P39108	1
Q12427	P40960	1
P38801	P06844	1
P40091	P31412	1
Q04217	P36124	1
P25644	P25605	1
Q12176	P36144	1
P89886	P39904	1
Q04411	P17065	1
P30619	P25344	1
Q03254	Q02197	1
Q08966	P24814	1
Q12390	P38153	1
P24004	P09232	1
Q06551	P53900	1
P39960	P38793	1
Q03654	P47104	1
Q07084	P48361	1
Q07896	Q04121	1
P53184	P48836	1
Q08746	Q02260	1
P38247	P05694	1
Q03012	P40009	1
P32607	P21306	1
Q08229	P80667	1
P40007	P06839	1
P40563	P14742	1
Q08972	P40988	1
Q12276	Q08920	1
Q12206	P38760	1
Q99383	P35728	1
P14737	P07149	1
Q02100	Q00416	1
Q08746	P36013	1
P53847	P38859	1
P48837	P47122	1
Q12026	P42944	1
Q08245	P46949	1
P53829	P20795	1
Q04368	P32450	1
Q05947	P40563	1
P53973	P53959	1
P40507	P27515	1
Q04062	Q03768	1
Q06525	P34218	1
P40092	P39682	1
P39073	P36013	1
Q07930	P38590	1
Q12494	P33755	1
Q05636	P40069	1
P34253	P31382	1
P41697	P34217	1
Q12255	Q02773	1
P48415	P28817	1
P40362	P40010	1
P53261	P47113	1
Q03774	P52891	1
Q12154	P53258	1
P38872	P32796	1
Q06551	P53082	1
P35193	P17121	1
Q02260	P47122	1
P07170	P00729	1
Q05775	P42846	1
P41895	P39720	1
P38748	P32898	1
P57744	P40360	1
Q12017	P39937	1
P40314	P29465	1
Q03920	P39998	1
Q02516	P41896	1
P53859	P24869	1
P39551	P36057	1
P38631	P21672	1
Q92331	P42935	1
P33122	P21705	1
Q06324	P24482	1
Q12154	P42846	1
Q05947	P09624	1
P40564	P36103	1
Q12483	Q06078	1
P25605	P00175	1
Q12300	P53039	1
Q12161	P53538	1
Q05874	P50113	1
P33334	P29340	1
Q02206	P53243	1
P53865	P40103	1
Q02931	P38287	1
P47079	P11745	1
Q12477	P53261	1
Q12734	P32913	1
Q06651	P49166	1
Q03630	P53322	1
P43565	P38874	1
P39967	P32899	1
Q12433	P00549	1
Q06506	P35691	1
P47120	P01120	1
Q99299	P38805	1
P36421	P25615	1
P32591	P23642	1
P35729	P23724	1
Q03862	P41800	1
P40010	P38287	1
Q07986	P40357	1
Q04264	P46655	1
P32471	P20435	1
P53145	P41807	1
P47120	P06844	1
Q08562	P53750	1
Q06164	P39705	1
P38879	P27515	1
Q06412	Q05080	1
P38339	P25646	1
Q05022	P53628	1
Q12084	P38713	1
Q08873	P11746	1
Q12427	P02293	1
Q08096	P12954	1
P40036	P31374	1
P53939	P49166	1
Q02825	P38691	1
P48836	P47054	1
Q04005	P00812	1
Q03162	Q00684	1
Q03860	P41544	1
P53130	P00175	1
Q12754	P38153	1
Q12264	P40016	1
Q12241	Q03782	1
Q00416	P38198	1
Q03862	P41832	1
Q04048	P28007	1
P50278	P38270	1
Q03774	P40453	1
Q12230	Q05568	1
Q02884	P38310	1
P38837	P32263	1
Q06436	Q04675	1
P53313	P38989	1
Q01217	P12695	1
Q12151	Q04338	1
P38705	P33401	1
Q03280	P38429	1
Q08601	P32873	1
P39926	P22336	1
Q06551	P38874	1
P12887	P01149	1
Q08920	Q05785	1
P53280	P36080	1
P39968	P33892	1
P47045	P32380	1
Q08581	P53199	1
Q02804	P40495	1
Q06549	P28817	1
P38208	P32786	1
Q12347	Q06651	1
P31377	P17255	1
P41832	P32786	1
P39929	P38254	1
P39108	P38959	1
P38957	P00431	1
P33418	P17891	1
Q12446	P16658	1
P50275	P07170	1
Q02866	P47083	1
Q03691	P38181	1
Q04660	P38348	1
P40151	P34218	1
Q12390	P41834	1
P40573	P32525	1
P36015	P17536	1
Q99189	P41807	1
P41817	P38429	1
P49955	P20433	1
P53082	O13539	1
Q12157	P35177	1
Q12256	P53163	1
P53130	P47176	1
P41834	P38324	1
P38992	P36027	1
Q08956	Q04338	1
Q12420	P39682	1
Q12415	P38960	1
Q04067	P40892	1
Q06177	P53298	1
P25635	P19735	1
Q06549	P43593	1
P33400	P23542	1
Q12420	P06100	1
P53145	P52593	1
P15646	P02829	1
P38956	P17536	1
P40473	P36010	1
P39016	P38328	1
Q03973	P14724	1
Q06604	P35688	1
P40471	P11433	1
Q12488	P46954	1
Q12468	P42839	1
P21182	P12611	1
Q07657	P38149	1
P48606	P47176	1
P47012	P38840	1
Q01590	P40344	1
P38861	P06103	1
Q03956	P38889	1
Q05949	P34909	1
P52286	P41834	1
Q07930	Q06164	1
Q04121	P35184	1
P52910	P23642	1
P53912	P38254	1
Q12045	Q07657	1
P36103	P32578	1
P40693	P02400	1
P50277	P38874	1
P41911	P40477	1
P39952	P33441	1
Q08723	P53248	1
P39962	P36094	1
P47054	P32642	1
P38352	P25567	1
P53278	P14742	1
Q04978	P20435	1
Q04749	P11938	1
Q06580	Q04217	1
Q08921	P12754	1
Q12440	P38333	1
Q00578	P31383	1
Q12315	P53604	1
Q03782	P47079	1
P39927	P32610	1
Q12434	P17121	1
P32628	P11745	1
Q03308	P28707	1
Q6Q547	P52593	1
P39929	P21268	1
P53316	P38339	1
Q00723	P25655	1
P40892	P02829	1
P53973	P38827	1
Q06677	P32259	1
P28791	P06100	1
P53863	P32898	1
P33333	P08964	1
Q04934	P41816	1
P38931	P34241	1
P32917	P32911	1
Q12159	Q06525	1
Q06406	P15873	1
P38798	P11927	1
Q12411	P27637	1
Q05568	P32471	1
Q12306	P38716	1
P53011	P17555	1
Q12527	Q12411	1
P53731	P15442	1
P39729	P38853	1
Q08204	P53125	1
Q02931	P40564	1
Q06604	P53323	1
Q12447	Q07657	1
Q06436	P22336	1
P32807	P06777	1
P53032	P14682	1
P42944	P21538	1
Q00816	P38339	1
P32790	P02293	1
P53068	P33399	1
Q03690	P53840	1
P46947	P41816	1
Q04231	P38960	1
P38149	P37296	1
Q05080	P38766	1
P38287	P25635	1
P38334	P32505	1
Q08562	Q01329	1
P47029	P33401	1
P53129	P31382	1
P38863	P34253	1
Q06151	P53886	1
P40009	P38788	1
P53196	P39969	1
Q04493	P10862	1
P40567	P25360	1
Q12306	P36124	1
P40202	P14736	1
P53168	P40512	1
P40573	P27614	1
P49687	P38276	1
P40573	P32349	1
P13045	P12385	1
Q06525	P40455	1
P32525	P07278	1
P54999	P46677	1
P43586	P24869	1
Q12411	P09032	1
P39969	P22137	1
P52286	P19735	1
Q12199	P38735	1
Q03656	P07270	1
P50113	P38339	1
P53738	P34110	1
Q08438	P23642	1
Q12241	P40960	1
P40167	P29703	1
Q03981	P20486	1
P46962	P18494	1
P06843	P00330	1
P34227	P32559	1
P53298	P36421	1
P38814	P33895	1
Q06177	P38786	1
P25582	P20052	1
Q08162	P06105	1
P33339	P13099	1
P42843	P07866	1
Q02196	P38862	1
Q08966	P52286	1
Q02197	P22515	1
Q12018	P40164	1
P38753	P19882	1
P39744	P12385	1
P05318	P00899	1
Q04121	Q03503	1
P36010	P25604	1
P39935	P22133	1
Q08873	P53267	1
P28795	P22219	1
Q03900	P30902	1
Q04233	P29509	1
P53551	P08638	1
P47049	P38265	1
Q12411	P33755	1
P53886	P32642	1
P25649	P22515	1
Q04338	P27637	1
P32319	P11710	1
Q06665	P38313	1
P89105	P10961	1
Q04792	P52286	1
Q12427	P38748	1
Q05021	P53116	1
P36172	P06101	1
Q06679	P38682	1
P50094	P33199	1
Q12206	Q07381	1
P33892	P07149	1
Q07887	P07270	1
P36049	P32628	1
Q12107	P53032	1
Q06178	P40204	1
P36049	P14724	1
P38748	P21374	1
P25644	P06100	1
P38871	P02829	1
Q03503	P14742	1
Q02804	P38077	1
Q08144	P32495	1
Q04199	Q03096	1
Q12368	P03965	1
P53840	P43612	1
Q12194	P49334	1
P34240	P30902	1
P53168	P27705	1
P32776	P32349	1
P54790	P38630	1
P53267	P40574	1
P53628	P39926	1
P53010	P43612	1
P52593	P21192	1
P35203	P28817	1
P43638	P38266	1
P53971	P32607	1
P32912	P12753	1
P22336	P00958	1
P34730	P25649	1
Q12330	P39927	1
P39715	P32607	1
P53271	P51534	1
P46974	P35817	1
P38872	P25659	1
Q07468	P32318	1
P50113	P38291	1
Q12129	P53731	1
P39729	P36149	1
P46988	P40480	1
P53628	P47050	1
Q01722	P49956	1
P38217	P33891	1
P50278	P33331	1
Q08581	P27614	1
Q04217	P33420	1
P39929	P09938	1
Q08732	P10363	1
P41695	P28274	1
P47116	P38855	1
P18888	P11745	1
Q12055	Q02630	1
P40555	O13553	1
Q08923	P34241	1
Q03690	P38861	1
P39730	P38228	1
P40005	P32521	1
P53199	P40048	1
P48559	P07264	1
P47165	P39998	1
P40090	P13574	1
P53150	P48363	1
P53136	P25296	1
P36118	P34217	1
P53840	P53280	1
Q03897	P29465	1
P38748	P09032	1
Q01590	P38276	1
P53316	P40988	1
Q12038	P40469	1
P15303	P06843	1
P47089	P00924	1
P38751	P13902	1
Q03898	Q00539	1
Q05775	P27895	1
Q12055	P07342	1
P40573	P19735	1
P17255	P09798	1
P40335	P38805	1
P40457	P38637	1
P53829	P00330	1
P53261	P34240	1
P53616	P36123	0
P38915	P09440	0
Q99207	P38265	0
P48361	P47171	0
P40343	P06738	0
P33401	P25302	0
Q12224	Q05933	0
P38304	P32464	0
P40316	P32387	0
Q02256	P38968	0
Q01159	P39730	0
Q03897	P38717	0
P38439	P25298	0
P41912	P38429	0
P53552	P32859	0
Q05359	Q03690	0
Q12488	P07149	0
Q12098	Q06200	0
Q12341	Q04636	0
P38717	P08431	0
Q08956	P53108	0
Q08004	P32618	0
Q08204	P17214	0
P53968	P36147	0
Q06675	P38194	0
P36168	P15442	0
P41818	P40541	0
P32911	P08456	0
Q08980	Q05568	0
Q08732	P38302	0
Q08204	P08964	0
Q03263	P53191	0
Q05787	Q04792	0
P38254	P35723	0
P40069	P25579	0
Q04005	P32367	0
P49435	P09457	0
P33301	P32610	0
P40453	P36036	0
Q12233	Q06436	0
Q99176	Q03661	0
P47011	P40090	0
Q08685	P32859	0
P32773	P10834	0
Q08921	P40356	0
Q03898	P05626	0
Q03435	P53552	0
P36116	P35172	0
Q08965	P06786	0
P36027	P07149	0
P40518	P39928	0
Q06632	P38959	0
P38068	P07866	0
Q04199	P00128	0
P47152	P32855	0
Q12071	P53163	0
P16522	P09959	0
P39550	P35193	0
P38272	P38265	0
P53044	P53032	0
P54999	P20050	0
Q06102	P54791	0
Q03862	Q03323	0
Q12522	P50874	0
Q08032	P53924	0
Q12300	Q06675	0
Q00362	P06777	0
P38077	P10961	0
P32807	P17065	0
P33204	P13259	0
Q12208	P32828	0
Q12124	P53272	0
P32501	P21827	0
P40957	P32767	0
P46974	P13711	0
Q12306	P45976	0
Q12343	P53253	0
Q02555	P47025	0
P42846	P38811	0
P39928	P11972	0
P43560	P32366	0
Q12018	Q06815	0
P40970	P40956	0
Q00955	P32333	0
P24482	P07703	0
P53010	P32387	0
P38333	P23337	0
Q03455	Q03406	0
P38793	P34227	0
P53628	P11914	0
Q08032	P32830	0
Q08685	P43574	0
P47090	P35728	0
P38329	P11978	0
Q08685	P53740	0
Q99278	P40016	0
Q06675	Q03944	0
P53191	P38138	0
Q05787	P53238	0
Q12464	P07278	0
P46965	P40078	0
P38313	P05375	0
P38781	P36012	0
P38138	P36015	0
P38273	P14922	0
P38194	P28000	0
P38717	P23255	0
P53851	P43621	0
Q12138	P53550	0
Q03973	P36034	0
P40462	P13434	0
P47090	P32914	0
Q04958	P32499	0
P47120	P17106	0
P39727	P38439	0
P06786	P06773	0
P80428	P48415	0
P38881	P38276	0
Q03944	P39962	0
Q12389	P38337	0
Q12233	P13902	0
P40075	P08431	0
Q06405	P06778	0
P53552	P38838	0
P40007	P07272	0
P47115	P40573	0
Q07418	P38272	0
Q12236	Q12071	0
P40518	P35206	0
Q12343	P38077	0
P33307	P20050	0
P20434	P11745	0
P39705	P34227	0
P53971	P40970	0
Q07084	P25579	0
P26798	P25582	0
P53840	P46974	0
Q12107	P32807	0
P38781	P38590	0
Q03012	P08638	0
P41912	P32333	0
Q01159	P40991	0
Q05359	P06701	0
Q03735	P12954	0
P20052	P17106	0
P40360	P23202	0
Q12243	Q08236	0
Q04272	P25580	0
Q03208	P40343	0
P40496	P07272	0
Q08204	P32524	0
P23179	P07250	0
P32902	P22035	0
P47079	P12683	0
Q06568	P53973	0
Q12285	P39928	0
Q06640	P49334	0
Q03782	P38817	0
P36116	P00924	0
P32318	P21304	0
Q02866	P13902	0
Q04964	P53070	0
P33301	P14922	0
Q03063	P19955	0
P35718	P25615	0
Q05871	P20457	0
Q02196	P20050	0
P38842	P25559	0
Q12328	P13393	0
Q04964	P16522	0
Q02336	P40518	0
P42946	P38867	0
P38968	P38863	0
Q02775	P32447	0
P32525	P27999	0
Q06091	Q03338	0
Q12262	Q08496	0
P34223	P10863	0
Q06677	Q06005	0
P40554	P32499	0
Q12402	Q08215	0
Q12161	P32447	0
P39720	P21192	0
P53965	P29055	0
Q08235	P26754	0
Q03691	P08431	0
Q07509	P12904	0
P38871	P32559	0
Q02804	P46965	0
Q05027	P39960	0
P47038	P15891	0
P43594	P09938	0
Q06103	P54790	0
P53070	P32318	0
P53116	P39744	0
P40468	P11972	0
P39520	P09119	0
Q06631	P46680	0
Q12309	P41834	0
Q12009	Q02555	0
P39713	P38272	0
P48361	P32902	0
Q12265	P33759	0
Q00539	P19358	0
Q03898	Q02204	0
Q12159	P39073	0
Q04660	P34241	0
Q07540	P00924	0
P39704	P32899	0
P41896	P40970	0
Q04868	Q04089	0
P38301	P21691	0
Q03290	P46949	0
Q06224	Q04368	0
P38328	P32641	0
Q05027	P43682	0
P53968	P40032	0
P53910	P48582	0
Q06407	P38811	0
P46961	P39875	0
Q02336	P38240	0
P35187	P28006	0
Q03280	P51534	0
P53738	P53231	0
Q08162	P38826	0
P35718	P00431	0
P32908	P32523	0
P53540	P38630	0
P47822	P47150	0
P43560	P33421	0
Q02775	P53900	0
P32504	P21957	0
P53212	P46681	0
Q06630	P21192	0
P46956	P35178	0
Q02608	P20795	0
Q07732	P32832	0
Q06676	P21304	0
P53259	P38993	0
Q12462	Q12335	0
P38630	P18962	0
Q06339	Q05787	0
Q12224	Q02795	0
P38817	P38329	0
Q02204	P42942	0
P53961	P53032	0
Q02776	P53150	0
P31539	P25580	0
P36022	P12683	0
P47165	P40496	0
P39702	P38867	0
Q04089	P39682	0
Q01159	P47050	0
Q12347	P53211	0
P25441	P12904	0
P81450	P53952	0
Q01217	P47124	0
Q05874	P23179	0
Q02774	P00729	0
Q01454	P36125	0
P40356	P40325	0
P40515	P38811	0
Q03792	P38736	0
P38068	P30822	0
Q03697	Q02208	0
P53959	P47012	0
P46962	P22579	0
P53243	P40164	0
Q12495	P06100	0
P38769	P36116	0
P39720	O14455	0
P38886	P20050	0
Q12309	P14922	0
P41800	P36129	0
P49956	P40892	0
P46676	P39730	0
P87284	P04386	0
P50945	P13433	0
Q04673	P28496	0
Q03976	P36162	0
Q02555	P38334	0
P53823	P47012	0
P38957	P25659	0
Q04067	Q02805	0
P50942	P36129	0
P40457	P38302	0
Q12341	P53823	0
Q05359	P53238	0
Q99190	Q03897	0
P43132	P13663	0
Q08278	P39007	0
P47822	P46655	0
P38759	P38751	0
Q12174	Q05947	0
P38883	P36100	0
Q05027	P40018	0
P35723	P29703	0
P32367	P28239	0
Q12243	P21957	0
P42945	P39952	0
P33339	P13365	0
P38138	P32855	0
P41277	P39954	0
P52918	P39875	0
Q02608	P34161	0
P36224	P23776	0
Q12243	P38636	0
P40991	P29056	0
P54885	P39996	0
P42944	P38792	0
P40541	P33304	0
P32807	P22133	0
P54861	P07248	0
P23776	P07272	0
P38129	P02309	0
P25644	P12294	0
Q08683	Q00816	0
Q01684	P32917	0
P53910	P32494	0
P53167	P39016	0
Q08208	P22214	0
Q92316	P48568	0
Q06708	P40014	0
Q06245	P39534	0
Q08951	P53181	0
P38319	P25635	0
Q03862	P11747	0
Q12102	P33204	0
P46947	O13297	0
Q03323	P36008	0
P38720	P34161	0
P40069	P38907	0
P47110	O13539	0
Q08683	Q02825	0
Q00711	P40465	0
Q12060	Q04930	0
P53840	P25302	0
Q03954	P46676	0
P42846	P32334	0
P38993	P38247	0
P39744	P32902	0
P38121	P25649	0
P53032	P11978	0
P38789	P00431	0
P38194	P13259	0
P41800	P04386	0
Q12060	Q06665	0
P46974	P32796	0
P36118	P32453	0
Q02804	P11747	0
Q04067	P32453	0
Q01217	P11709	0
Q12262	P36172	0
Q12004	Q03654	0
P53878	P47134	0
P41817	P29509	0
P41813	P06786	0
P53297	P38353	0
Q06675	P07270	0
P53280	P11710	0
P53389	P39727	0
P38883	P35718	0
P32499	P19658	0
P53437	P07260	0
Q12389	P40987	0
P32601	P11978	0
Q06200	P07261	0
Q06525	P32500	0
Q03976	P29465	0
P53604	P39734	0
P33301	P17214	0
P34227	P08431	0
Q05580	Q03213	0
Q03818	P25358	0
P53840	P11747	0
P41546	P38960	0
Q12154	P06777	0
P40434	P00729	0
Q08018	P38814	0
Q12321	P53064	0
P54837	P25655	0
P53253	P20435	0
Q05871	P01149	0
Q03761	P53933	0
P32832	P32447	0
P53253	P34160	0
Q07986	P53952	0
Q12050	Q06245	0
Q12019	P12294	0
Q08746	P38827	0
P40005	P38953	0
Q02608	P53883	0
P39702	P38291	0
P38344	P14906	0
P39534	P08524	0
Q05911	P29366	0
Q12402	P31412	0
Q03503	P19358	0
P38428	P36121	0
Q99176	P39685	0
Q07688	P10355	0
Q08496	P32828	0
P53313	P10863	0
Q06245	P38337	0
Q04673	P52891	0
P49166	P11710	0
Q08278	O14455	0
Q06631	P47104	0
Q04264	P04786	0
P48363	P39875	0
P38811	P22007	0
P48581	P39729	0
P50091	P43545	0
Q06580	P39996	0
Q08923	P38861	0
Q06598	P32602	0
P53823	P38735	0
P38264	P35184	0
P38853	P34227	0
P42946	P25298	0
Q06697	P43621	0
P32319	P06105	0
Q04636	P35691	0
Q12297	Q12264	0
Q03784	P38240	0
P43545	P38208	0
Q07914	Q01590	0
P40496	P40066	0
Q02825	P32559	0
P23255	P16861	0
P40060	P34226	0
Q12194	Q05785	0
Q04225	P53552	0
Q12488	P38181	0
P38960	P32855	0
P32504	P21304	0
P53551	P40073	0
Q03697	P32499	0
Q7LIF1	P39682	0
P53298	P22579	0
Q08287	P53322	0
Q12206	P20050	0
Q12380	P06838	0
Q01389	P38111	0
P47058	P32859	0
P53211	P53108	0
P39073	P32641	0
Q06102	P53070	0
P46669	P32264	0
P53886	P40073	0
Q12330	P34162	0
Q06525	P36147	0
Q04964	P38881	0
Q07468	P38907	0
Q03697	P38742	0
P53278	P41896	0
P35723	P34240	0
Q02932	P26755	0
P36129	P27614	0
P25302	P13574	0
P53901	P53168	0
Q01722	P52286	0
Q04377	Q03455	0
Q06651	P27692	0
Q12082	Q07921	0
P48363	P21304	0
Q12250	P07261	0
P25301	P20437	0
Q12194	P36013	0
Q02336	P53628	0
P38138	P26448	0
P39969	P06783	0
P32805	P14737	0
Q07509	P23301	0
Q08491	P38962	0
Q02608	P34226	0
P47049	P36116	0
P47027	P39904	0
P38811	P30657	0
P38748	P07276	0
P40344	P38744	0
Q03280	P38759	0
P53893	P32334	0
Q06512	P40957	0
P36145	P11710	0
P43622	P38953	0
Q03435	P38313	0
P39534	P38879	0
Q02574	P38272	0
P38351	P00724	0
P53628	P53093	0
P47017	P34162	0
P54786	P36100	0
Q08601	Q05998	0
Q01217	P08431	0
Q06673	P26309	0
P53735	P14680	0
Q06677	Q03177	0
P36129	P12383	0
Q03944	P32337	0
P38782	P13433	0
Q06675	P38962	0
P54861	P39734	0
P38907	P32767	0
Q05775	P11710	0
P41546	P17891	0
P53286	P23179	0
Q12341	Q12035	0
Q08746	P53952	0
P39523	P06783	0
Q08886	P33421	0
P53236	P33401	0
P53600	P28004	0
P32900	P25648	0
Q99278	P38968	0
Q04368	P32387	0
P38962	P11747	0
P53959	P32341	0
P53061	P23776	0
P48361	P19358	0
Q12035	P33203	0
Q04338	P46974	0
P39001	P13517	0
Q08923	P22203	0
Q02100	P31111	0
Q06675	Q00916	0
P42944	P20486	0
Q08109	Q06091	0
P42884	P32494	0
P38957	P38768	0
Q04231	P38077	0
P32897	P22137	0
Q12377	P20436	0
P50106	P38853	0
Q06697	P09938	0
Q12265	Q12157	0
P40971	P16658	0
Q12447	Q03323	0
P40095	P26754	0
P12753	P04050	0
P48232	P20457	0
P40362	P38910	0
Q08162	P25371	0
Q02774	P13434	0
P39011	P32601	0
Q12060	P32325	0
P53286	P32788	0
P38860	P36125	0
P38264	P00958	0
Q12154	P33441	0
Q07540	P36100	0
P32591	P14922	0
P53622	P01149	0
Q06677	P23776	0
P40155	P38826	0
Q05949	P53952	0
P24814	P01097	0
P53313	P27692	0
P39734	P00175	0
P36013	P13393	0
Q12050	Q05933	0
Q12318	Q01852	0
P39010	P00330	0
P53032	P32368	0
Q12692	P53168	0
Q00873	P38310	0
Q92331	P39955	0
Q07528	Q03702	0
Q02554	P38867	0
Q99278	O74700	0
P38957	P14736	0
P16661	P07283	0
Q02775	P06779	0
P22214	O13565	0
P46678	P36131	0
P38910	P20436	0
P54885	P32641	0
Q07986	Q04225	0
P53256	P38068	0
Q04477	P53930	0
P38874	P38286	0
Q02206	P53552	0
Q12161	P39705	0
Q04964	P14242	0
Q04370	P53108	0
P33339	P28791	0
P42945	P00420	0
Q03048	P31111	0
P48568	P07703	0
P38915	P35190	0
Q06628	P53212	0
Q06815	P43603	0
Q06673	P47042	0
P49018	P39008	0
P38283	P35201	0
P38319	P37366	0
P53243	P07262	0
Q03920	P36149	1
Q05785	Q00684	1
P25644	P15303	1
P52286	P09232	1
Q03619	P36172	1
Q03018	P38871	1
Q12473	P19882	1
P40095	P34253	1
P39968	P33420	1
P38265	P19736	1
Q12129	P40092	1
P38352	P24869	1
P48232	P32800	1
P53272	P53243	1
P53298	P38789	1
P32366	P21242	1
P31377	P27637	1
Q08729	P39563	1
P40958	P11978	1
P46673	P36049	1
P14904	P13186	1
P38165	P21374	1
Q06665	P36161	1
P39929	P32380	1
P53277	P46957	1
P38182	P07283	1
Q05670	Q03898	1
P40010	P38853	1
Q08732	P07834	1
P53299	P53171	1
P53238	P40087	1
P47019	P25559	1
Q12341	P38806	1
Q08746	P14306	1
P35734	P11927	1
P80428	P47821	1
P21672	P14736	1
P40574	P39743	1
P35691	P09938	1
P48581	P40958	1
Q06648	P36049	1
P33338	P04840	1
P32642	P00175	1
P24004	P00724	1
Q03898	P36107	1
Q99257	P46963	1
P38786	P33307	1
Q12151	P41805	1
P33199	P00044	1
P23642	P13711	1
P39703	P24004	1
P53130	P38766	1
Q12424	Q07468	1
P54885	P40103	1
P47079	P40518	1
Q06410	P40461	1
P47117	P40959	1
P40316	P39682	1
P53277	P35203	1
Q03503	P30619	1
P40468	P23059	1
Q06679	P17123	1
Q00578	P32325	1
P50094	P29509	1
P38153	P00931	1
P53323	P38856	1
Q06245	P07278	1
P36100	P21691	1
P07278	O13565	1
P40509	P33767	1
Q03792	P53011	1
Q00416	P48524	1
Q00582	P38999	1
P36080	P29509	1
P38863	P29703	1
P53093	P46956	1
P53861	P53855	1
P39730	P00899	1
Q12411	P38805	1
P38801	P07270	1
P38768	P36013	1
Q04412	P40316	1
Q03337	P18410	1
Q08873	P07262	1
P41911	O14455	1
P48240	P47012	1
Q04272	P40495	1
Q99189	Q05775	1
Q08245	P22219	1
Q04437	P53125	1
P25651	P00128	1
P36149	P12904	1
P36131	P25655	1
Q12241	P46655	1
Q00539	P32800	1
Q02767	P36123	1
Q12055	P47135	1
P43639	P32471	1
P40515	P12611	1
P41814	P36022	1
P53277	P36068	1
P53901	P22214	1
P46673	P18480	1
P32642	P24004	1
Q12176	P36165	1
P53281	P17536	1
P53847	P25649	1
Q12365	P46672	1
Q02866	P53924	1
Q07896	P53032	1
P46985	P43583	1
Q03784	P53738	1
P54999	P33895	1
P38232	P36144	1
Q04693	P32528	1
Q12327	Q03063	1
Q12343	P41896	1
Q12449	P53622	1
Q08951	P30656	1
P32074	P00724	1
Q02793	P53743	1
P21801	P17121	1
P36012	P25655	1
Q05636	P40959	1
Q05947	P38959	1
Q05568	P39729	1
P53540	P21268	1
Q08746	P30656	1
P46985	P11938	1
Q99207	Q04233	1
Q05874	Q00816	1
Q12154	P40468	1
P38182	P30619	1
Q06137	P31383	1
P53599	P33891	1
P38911	P28274	1
P32504	P22007	1
P53064	P36103	1
Q08873	Q03630	1
Q08817	Q04412	1
P20967	P19097	1
P09959	P04076	1
P46677	P33400	1
Q04272	P36224	1
Q06708	P34223	1
P41807	P22007	1
Q06632	Q02208	1
Q12248	P38193	1
P53267	P39008	1
P53254	P40103	1
Q99394	P53600	1
Q12250	P53924	1
P38822	P37296	1
P42945	P36015	1
P34226	P14904	1
Q07688	P40507	1
P45819	P23644	1
P39743	P19735	1
P32864	P32264	1
Q08685	P11978	1
Q08951	Q03981	1
Q03920	P04456	1
P39703	P32773	1
Q07688	P36421	1
P36049	P34160	1
P53552	P53196	1
P46962	P09232	1
P35178	P12945	1
Q08923	Q08562	1
Q03782	P40013	1
Q02890	P31385	1
P32873	O13554	1
P53068	P17709	1
Q08921	P15705	1
Q04660	P40003	1
Q12344	P14164	1
P38708	P25615	1
P37302	P20052	1
P33891	P32528	1
P34164	P08566	1
Q04792	P38871	1
P41697	P38855	1
P39960	P32563	1
P46985	P35207	1
P40061	P32524	1
Q03900	P41810	1
P53599	P07251	1
P47113	P36124	1
P34226	P32495	1
P20435	P07866	1
P53207	P43593	1
P16664	P12868	1
P40574	P30902	1
Q06102	P15646	1
P39707	P08524	1
P46655	P38348	1
Q04964	P25644	1
Q02825	P40061	1
P53221	P43592	1
P34252	P08638	1
P48234	P40957	1
P38310	P38228	1
Q12452	P12754	1
Q12018	P38999	1
P53930	P38998	1
Q08963	Q04002	1
Q02892	P53883	1
P53184	P50944	1
Q92331	P31539	1
P40060	P13574	1
P48239	P25357	1
P46673	P45819	1
Q06525	P14291	1
Q05166	P53281	1
Q04272	P38855	1
P46963	P15442	1
Q06673	Q00816	1
P48837	P25360	1
Q08004	P48232	1
P40204	P33306	1
Q12020	P46957	1
P42884	P40069	1
P40091	P38998	1
P40087	P38261	1
P40090	P14242	1
P47116	P47093	1
P53867	P32502	1
P53163	P05318	1
P40477	P38344	1
Q12176	P03965	1
Q05636	P47129	1
Q06479	P32524	1
P25580	P25371	1
P53930	P32480	1
P43587	P33314	1
P52919	P35207	1
Q02773	P29340	1
P38229	P32501	1
P39929	P28817	1
Q12250	P09440	1
P38247	P25558	1
Q06673	P38631	1
P49573	P36107	1
P40055	P39016	1
P38822	P32447	1
P50945	P12962	1
P49166	P29366	1
P50944	P50942	1
Q05930	P47122	1
P47057	P14724	1
Q12194	Q03661	1
Q12280	P38427	1
P41814	P33401	1
Q12344	P34909	1
P33399	P06773	1
P53883	P33322	1
P40564	O13539	1
P53248	P32767	1
P40204	P39969	1
Q02256	P38789	1
Q03656	P53281	1
P80667	P38329	1
Q03897	P20433	1
Q08923	P39001	1
P46675	P33419	1
P32354	P25299	1
Q08962	P36145	1
Q12330	P12753	1
P53150	P40095	1
P40574	P25558	1
Q6Q547	P53313	1
Q05080	P43592	1
P53267	P53068	1
Q12084	P18852	1
Q04411	O13553	1
P53258	P38310	1
Q99299	P53883	1
P40018	P38737	1
Q08215	P25357	1
Q07657	P02400	1
Q12149	P35187	1
P38862	P22515	1
Q00723	P38959	1
P39013	P35729	1
Q07930	P53939	1
P53877	P40014	1
Q06704	P25591	1
P46672	P38328	1
P38705	P35207	1
Q02260	P21242	1
Q99383	P38829	1
P38191	P14242	1
P38862	P18962	1
P38324	P08964	1
Q04121	P40483	1
P47166	P33301	1
P14682	P13045	1
Q06568	Q03862	1
P38208	P12385	1
P52891	P36012	1
P39935	P25567	1
P40857	P39729	1
P41697	P38080	1
P07278	P00549	1
P39954	P32787	1
Q08931	P38631	1
P34221	P18963	1
P53540	P39960	1
P53904	P53865	1
Q12256	P07258	1
P47165	P38249	1
Q12473	P32447	1
Q03308	P39727	1
Q07381	P53738	1
Q08446	P32861	1
Q04004	P14306	1
P32565	P17891	1
P17121	P15891	1
Q08951	P38760	1
Q12017	Q03792	1
Q05166	Q05080	1
P40151	O13297	1
P38254	P36107	1
Q04067	Q03048	1
P38793	P38293	1
P30902	P20433	1
P34238	P29056	1
Q08962	P05318	1
Q06408	P12385	1
P38272	P25580	1
P38705	P38590	1
P53847	P40395	1
P28007	P09624	1
Q00578	P16658	1
Q06679	P38165	1
P18480	P17255	1
Q12315	Q04749	1
P52553	P32634	1
P42843	P38903	1
Q12513	P39743	1
P38872	P23644	1
Q07418	P52593	1
P38283	P32337	1
P32873	P23202	1
Q99176	P18962	1
Q05580	P53271	1
Q04978	P47089	1
P36010	P28495	1
Q03690	P33891	1
P40512	P17555	1
Q04964	P38840	1
Q12446	Q03818	1
Q07508	P06103	1
P46675	P38793	1
Q02256	P14742	1
Q99314	P40151	1
Q12165	P38990	1
P42935	P40202	1
Q6Q547	Q06568	1
P40204	P04076	1
P38013	P11746	1
P40988	P30624	1
Q03860	O13530	1
Q05775	P00560	1
P32525	P23542	1
Q06708	P38590	1
P47012	P40548	1
P38276	P22203	1
Q08496	P47005	1
Q12734	P27796	1
Q00539	P31374	1
Q05933	P32790	1
Q02892	P48412	1
P53904	P38748	1
P26755	P25299	1
Q12494	P38042	1
Q04792	P46962	1
Q05871	P53927	1
Q03435	P47822	1
Q04004	P53622	1
P53136	P38283	1
P32911	P29340	1
P35729	P33418	1
P38737	P00931	1
Q06679	Q03897	1
P32591	P32380	1
Q08732	P34234	1
P38861	P18962	1
P21182	P19097	1
Q04149	P32911	1
Q99207	P41832	1
Q02256	P38779	1
Q06568	Q04675	1
Q92317	Q08496	1
P37302	P32563	1
Q04601	P35194	1
Q07896	P53091	1
P41816	P36421	1
P40554	P17121	1
Q04067	P25558	1
Q05874	P38431	1
Q12285	P22007	1
P32264	P28791	1
Q06525	P13434	1
P35203	P22515	1
Q06436	P39523	1
P38348	P25591	1
P53248	P38329	1
P80667	P11433	1
Q03897	P19812	1
Q12377	P38339	1
P52919	P07834	1
Q03900	P40164	1
P36131	P32582	1
Q05947	P46675	1
Q05778	P38270	1
P38886	P38883	1
Q02875	P40555	1
Q12082	P38744	1
P19358	P06700	1
Q03088	Q00723	1
Q12004	P19263	1
Q12009	Q03690	1
P53081	P39967	1
Q12368	P28707	1
Q04217	P46673	1
P41814	P06779	1
P47104	P13365	1
P42845	P00950	1
Q12017	P39935	1
P40512	P25591	1
Q08746	P32496	1
Q03322	P18888	1
Q12440	P41834	1
P39531	P28007	1
P50104	P38827	1
P41834	P03965	1
Q07732	Q00578	1
P38310	P22219	1
P50091	P00958	1
P51862	P40155	1
P40362	P25649	1
P25558	P17442	1
Q04087	P39927	1
Q04377	P38013	1
P38077	P32800	1
Q05900	P53743	1
Q03208	P20134	1
P48361	P20433	1
Q01329	P21951	1
P53829	P43593	1
P40003	P38879	1
P47019	P32481	1
P45819	P38874	1
P38861	P36224	1
Q06169	P38863	1
P15891	O14455	1
Q08963	Q02100	1
P07866	O14467	1
P38708	P38283	1
Q07623	P49435	1
Q04964	P38346	1
Q04005	P06773	1
P46949	P25659	1
P38013	P27801	1
P46957	P38273	1
P35178	P05318	1
P34253	P25357	1
Q12483	P38789	1
P53298	P11746	1
Q06549	P40395	1
P53196	P38329	1
P39563	P09798	1
P18963	P17709	1
Q12315	P19882	1
Q00916	P38792	1
Q12330	Q00684	1
P53236	P25299	1
P53927	P12611	1
P38749	P20437	1
P48361	P32450	1
Q12255	Q06137	1
Q12163	Q03096	1
P40016	P38810	1
Q03690	P53859	1
P53040	P13517	1
P53867	P53112	1
P45976	P38751	1
Q04411	Q00416	1
Q12163	P40573	1
P40368	P18852	1
Q12098	Q01590	1
P39935	P32263	1
P40314	P32336	1
P39929	P35734	1
Q08235	Q02100	1
P53322	P38431	1
Q02197	P38871	1
P40555	P11433	1
Q03656	P38346	1
Q06704	Q02554	1
Q08817	P32501	1
P41816	P14126	1
Q04195	P53267	1
Q04562	P53867	1
Q08949	Q04087	1
P46682	P38855	1
Q12343	P36100	1
Q12277	Q04373	1
P46655	P38182	1
P53322	P53067	1
P35691	P14680	1
Q12315	P36139	1
P40483	P39682	1
P46655	P12385	1
P39723	P27351	1
Q03697	P54867	1
P06102	P00330	1
P47134	P40453	1
Q02875	P25559	1
P53930	P23642	1
P53081	P38352	1
Q04062	P34244	1
Q06665	P17065	1
Q12517	P33411	1
Q07381	P07258	1
Q05787	P38286	1
Q12327	P07273	1
Q08949	P32505	1
P53883	P48559	1
P38779	P23624	1
Q03018	P38742	1
Q07528	Q07468	1
P40020	P32944	1
Q08886	P53378	1
P32767	P12754	1
Q06679	Q03071	1
P48240	P32336	1
P43565	P40204	1
P38855	P38682	1
Q12477	P46682	1
P48415	P20433	1
Q04636	P21538	1
Q12151	P40956	1
P33122	P29056	1
Q03654	P53145	1
Q05874	P32366	1
P47104	P41813	1
P38764	P38274	1
Q04868	P40316	1
P53900	P50942	1
Q03619	P33333	1
Q05785	P32790	1
P38806	P25591	1
P32895	P32605	1
Q04377	P40484	1
Q03012	P17065	1
P25293	P07347	1
Q00362	P32264	1
Q04004	P38273	1
Q00816	P38080	1
P38232	P33199	1
P42951	P38873	1
P38822	P32783	1
Q06673	P16861	1
P57744	P05626	1
P51862	P36172	1
Q12365	P38768	1
Q92317	P12754	1
Q04601	P33204	1
Q04195	Q03900	1
Q12018	P14904	1
Q12499	P32599	1
P41277	P39968	1
P32497	P32366	1
P38265	P28274	1
P39718	P17709	1
Q08438	P38862	1
P53731	P21242	1
P38232	P25298	1
Q08438	P22515	1
Q00916	P09624	1
P53112	P34758	1
Q06177	Q04978	1
P16658	P08964	1
P41814	P32450	1
P53290	P33332	1
P40362	P38759	1
P19882	P17065	1
P53067	P25360	1
Q03503	P37296	1
Q02767	P32767	1
P41814	P33399	1
P32828	P08638	1
P39730	P38352	1
P32583	P32259	1
Q99299	P32642	1
